Id,County,State
1,Autauga County,Alabama
2,Baldwin County,Alabama
3,Barbour County,Alabama
4,Bibb County,Alabama
5,Blount County,Alabama
6,Bullock County,Alabama
7,Butler County,Alabama
8,Calhoun County,Alabama
9,Chambers County,Alabama
10,Cherokee County,Alabama
11,Chilton County,Alabama
12,Choctaw County,Alabama
13,Clarke County,Alabama
14,Clay County,Alabama
15,Cleburne County,Alabama
16,Coffee County,Alabama
17,Colbert County,Alabama
18,Conecuh County,Alabama
19,Coosa County,Alabama
20,Covington County,Alabama
21,Crenshaw County,Alabama
22,Cullman County,Alabama
23,Dale County,Alabama
24,Dallas County,Alabama
25,DeKalb County,Alabama
26,Elmore County,Alabama
27,Escambia County,Alabama
28,Etowah County,Alabama
29,Fayette County,Alabama
30,Franklin County,Alabama
31,Geneva County,Alabama
32,Greene County,Alabama
33,Hale County,Alabama
34,Henry County,Alabama
35,Houston County,Alabama
36,Jackson County,Alabama
37,Jefferson County,Alabama
38,Lamar County,Alabama
39,Lauderdale County,Alabama
40,Lawrence County,Alabama
41,Lee County,Alabama
42,Limestone County,Alabama
43,Lowndes County,Alabama
44,Macon County,Alabama
45,Madison County,Alabama
46,Marengo County,Alabama
47,Marion County,Alabama
48,Marshall County,Alabama
49,Mobile County,Alabama
50,Monroe County,Alabama
51,Montgomery County,Alabama
52,Morgan County,Alabama
53,Perry County,Alabama
54,Pickens County,Alabama
55,Pike County,Alabama
56,Randolph County,Alabama
57,Russell County,Alabama
58,St. Clair County,Alabama
59,Shelby County,Alabama
60,Sumter County,Alabama
61,Talladega County,Alabama
62,Tallapoosa County,Alabama
63,Tuscaloosa County,Alabama
64,Walker County,Alabama
65,Washington County,Alabama
66,Wilcox County,Alabama
67,Winston County,Alabama
68,Aleutians West County,Alaska
69,Aleutians East County,Alaska
70,Anchorage County,Alaska
71,Bethel County,Alaska
72,Bristol Bay County,Alaska
73,Dillingham County,Alaska
74,Fairbanks North Star County,Alaska
75,Haines County,Alaska
76,Juneau County,Alaska
77,Kenai Peninsula County,Alaska
78,Ketchikan Gateway County,Alaska
79,Lake and Peninsula County,Alaska
80,Kodiak Island County,Alaska
81,Matanuska-Susitna County,Alaska
82,Nome County,Alaska
83,North Slope County,Alaska
84,Northwest Arctic County,Alaska
85,Prince of Wales-Outer Ketchikan County,Alaska
86,Sitka County,Alaska
87,Skagway-Yakutat-Angoon County,Alaska
88,Southeast Fairbanks County,Alaska
89,Valdez-Cordova County,Alaska
90,Wade Hampton County,Alaska
91,Wrangell-Petersburg County,Alaska
92,Yukon-Koyukuk County,Alaska
93,Apache County,Arizona
94,Cochise County,Arizona
95,Coconino County,Arizona
96,Gila County,Arizona
97,Graham County,Arizona
98,Greenlee County,Arizona
99,La Paz County,Arizona
100,Maricopa County,Arizona
101,Mohave County,Arizona
102,Navajo County,Arizona
103,Pima County,Arizona
104,Pinal County,Arizona
105,Santa Cruz County,Arizona
106,Yavapai County,Arizona
107,Yuma County,Arizona
108,Arkansas County,Arkansas
109,Ashley County,Arkansas
110,Baxter County,Arkansas
111,Benton County,Arkansas
112,Boone County,Arkansas
113,Bradley County,Arkansas
114,Calhoun County,Arkansas
115,Carroll County,Arkansas
116,Chicot County,Arkansas
117,Clark County,Arkansas
118,Clay County,Arkansas
119,Cleburne County,Arkansas
120,Cleveland County,Arkansas
121,Columbia County,Arkansas
122,Conway County,Arkansas
123,Craighead County,Arkansas
124,Crawford County,Arkansas
125,Crittenden County,Arkansas
126,Cross County,Arkansas
127,Dallas County,Arkansas
128,Desha County,Arkansas
129,Drew County,Arkansas
130,Faulkner County,Arkansas
131,Franklin County,Arkansas
132,Fulton County,Arkansas
133,Garland County,Arkansas
134,Grant County,Arkansas
135,Greene County,Arkansas
136,Hempstead County,Arkansas
137,Hot Spring County,Arkansas
138,Howard County,Arkansas
139,Independence County,Arkansas
140,Izard County,Arkansas
141,Jackson County,Arkansas
142,Jefferson County,Arkansas
143,Johnson County,Arkansas
144,Lafayette County,Arkansas
145,Lawrence County,Arkansas
146,Lee County,Arkansas
147,Lincoln County,Arkansas
148,Little River County,Arkansas
149,Logan County,Arkansas
150,Lonoke County,Arkansas
151,Madison County,Arkansas
152,Marion County,Arkansas
153,Miller County,Arkansas
154,Mississippi County,Arkansas
155,Monroe County,Arkansas
156,Montgomery County,Arkansas
157,Nevada County,Arkansas
158,Newton County,Arkansas
159,Ouachita County,Arkansas
160,Perry County,Arkansas
161,Phillips County,Arkansas
162,Pike County,Arkansas
163,Poinsett County,Arkansas
164,Polk County,Arkansas
165,Pope County,Arkansas
166,Prairie County,Arkansas
167,Pulaski County,Arkansas
168,Randolph County,Arkansas
169,St. Francis County,Arkansas
170,Saline County,Arkansas
171,Scott County,Arkansas
172,Searcy County,Arkansas
173,Sebastian County,Arkansas
174,Sevier County,Arkansas
175,Sharp County,Arkansas
176,Stone County,Arkansas
177,Union County,Arkansas
178,Van Buren County,Arkansas
179,Washington County,Arkansas
180,White County,Arkansas
181,Woodruff County,Arkansas
182,Yell County,Arkansas
183,Alameda County,California
184,Alpine County,California
185,Amador County,California
186,Butte County,California
187,Calaveras County,California
188,Colusa County,California
189,Contra Costa County,California
190,Del Norte County,California
191,El Dorado County,California
192,Fresno County,California
193,Glenn County,California
194,Humboldt County,California
195,Imperial County,California
196,Inyo County,California
197,Kern County,California
198,Kings County,California
199,Lake County,California
200,Lassen County,California
201,Los Angeles County,California
202,Madera County,California
203,Marin County,California
204,Mariposa County,California
205,Mendocino County,California
206,Merced County,California
207,Modoc County,California
208,Mono County,California
209,Monterey County,California
210,Napa County,California
211,Nevada County,California
212,Orange County,California
213,Placer County,California
214,Plumas County,California
215,Riverside County,California
216,Sacramento County,California
217,San Benito County,California
218,San Bernardino County,California
219,San Diego County,California
220,San Francisco County,California
221,San Joaquin County,California
222,San Luis Obispo County,California
223,San Mateo County,California
224,Santa Barbara County,California
225,Santa Clara County,California
226,Santa Cruz County,California
227,Shasta County,California
228,Sierra County,California
229,Siskiyou County,California
230,Solano County,California
231,Sonoma County,California
232,Stanislaus County,California
233,Sutter County,California
234,Tehama County,California
235,Trinity County,California
236,Tulare County,California
237,Tuolumne County,California
238,Ventura County,California
239,Yolo County,California
240,Yuba County,California
241,Adams County,Colorado
242,Alamosa County,Colorado
243,Arapahoe County,Colorado
244,Archuleta County,Colorado
245,Baca County,Colorado
246,Bent County,Colorado
247,Boulder County,Colorado
248,Chaffee County,Colorado
249,Cheyenne County,Colorado
250,Clear Creek County,Colorado
251,Conejos County,Colorado
252,Costilla County,Colorado
253,Crowley County,Colorado
254,Custer County,Colorado
255,Delta County,Colorado
256,Denver County,Colorado
257,Dolores County,Colorado
258,Douglas County,Colorado
259,Eagle County,Colorado
260,Elbert County,Colorado
261,El Paso County,Colorado
262,Fremont County,Colorado
263,Garfield County,Colorado
264,Gilpin County,Colorado
265,Grand County,Colorado
266,Gunnison County,Colorado
267,Hinsdale County,Colorado
268,Huerfano County,Colorado
269,Jackson County,Colorado
270,Jefferson County,Colorado
271,Kiowa County,Colorado
272,Kit Carson County,Colorado
273,Lake County,Colorado
274,La Plata County,Colorado
275,Larimer County,Colorado
276,Las Animas County,Colorado
277,Lincoln County,Colorado
278,Logan County,Colorado
279,Mesa County,Colorado
280,Mineral County,Colorado
281,Moffat County,Colorado
282,Montezuma County,Colorado
283,Montrose County,Colorado
284,Morgan County,Colorado
285,Otero County,Colorado
286,Ouray County,Colorado
287,Park County,Colorado
288,Phillips County,Colorado
289,Pitkin County,Colorado
290,Prowers County,Colorado
291,Pueblo County,Colorado
292,Rio Blanco County,Colorado
293,Rio Grande County,Colorado
294,Routt County,Colorado
295,Saguache County,Colorado
296,San Juan County,Colorado
297,San Miguel County,Colorado
298,Sedgwick County,Colorado
299,Summit County,Colorado
300,Teller County,Colorado
301,Washington County,Colorado
302,Weld County,Colorado
303,Yuma County,Colorado
304,Fairfield County,Connecticut
305,Hartford County,Connecticut
306,Litchfield County,Connecticut
307,Middlesex County,Connecticut
308,New Haven County,Connecticut
309,New London County,Connecticut
310,Tolland County,Connecticut
311,Windham County,Connecticut
312,Kent County,Delaware
313,New Castle County,Delaware
314,Sussex County,Delaware
315,Washington DC City,District of Columbia
316,Alachua County,Florida
317,Baker County,Florida
318,Bay County,Florida
319,Bradford County,Florida
320,Brevard County,Florida
321,Broward County,Florida
322,Calhoun County,Florida
323,Charlotte County,Florida
324,Citrus County,Florida
325,Clay County,Florida
326,Collier County,Florida
327,Columbia County,Florida
328,Miami-Dade County,Florida
329,DeSoto County,Florida
330,Dixie County,Florida
331,Duval County,Florida
332,Escambia County,Florida
333,Flagler County,Florida
334,Franklin County,Florida
335,Gadsden County,Florida
336,Gilchrist County,Florida
337,Glades County,Florida
338,Gulf County,Florida
339,Hamilton County,Florida
340,Hardee County,Florida
341,Hendry County,Florida
342,Hernando County,Florida
343,Highlands County,Florida
344,Hillsborough County,Florida
345,Holmes County,Florida
346,Indian River County,Florida
347,Jackson County,Florida
348,Jefferson County,Florida
349,Lafayette County,Florida
350,Lake County,Florida
351,Lee County,Florida
352,Leon County,Florida
353,Levy County,Florida
354,Liberty County,Florida
355,Madison County,Florida
356,Manatee County,Florida
357,Marion County,Florida
358,Martin County,Florida
359,Monroe County,Florida
360,Nassau County,Florida
361,Okaloosa County,Florida
362,Okeechobee County,Florida
363,Orange County,Florida
364,Osceola County,Florida
365,Palm Beach County,Florida
366,Pasco County,Florida
367,Pinellas County,Florida
368,Polk County,Florida
369,Putnam County,Florida
370,St. Johns County,Florida
371,St. Lucie County,Florida
372,Santa Rosa County,Florida
373,Sarasota County,Florida
374,Seminole County,Florida
375,Sumter County,Florida
376,Suwannee County,Florida
377,Taylor County,Florida
378,Union County,Florida
379,Volusia County,Florida
380,Wakulla County,Florida
381,Walton County,Florida
382,Washington County,Florida
383,Appling County,Georgia
384,Atkinson County,Georgia
385,Bacon County,Georgia
386,Baker County,Georgia
387,Baldwin County,Georgia
388,Banks County,Georgia
389,Barrow County,Georgia
390,Bartow County,Georgia
391,Ben Hill County,Georgia
392,Berrien County,Georgia
393,Bibb County,Georgia
394,Bleckley County,Georgia
395,Brantley County,Georgia
396,Brooks County,Georgia
397,Bryan County,Georgia
398,Bulloch County,Georgia
399,Burke County,Georgia
400,Butts County,Georgia
401,Calhoun County,Georgia
402,Camden County,Georgia
403,Candler County,Georgia
404,Carroll County,Georgia
405,Catoosa County,Georgia
406,Charlton County,Georgia
407,Chatham County,Georgia
408,Chattahoochee County,Georgia
409,Chattooga County,Georgia
410,Cherokee County,Georgia
411,Clarke County,Georgia
412,Clay County,Georgia
413,Clayton County,Georgia
414,Clinch County,Georgia
415,Cobb County,Georgia
416,Coffee County,Georgia
417,Colquitt County,Georgia
418,Columbia County,Georgia
419,Cook County,Georgia
420,Coweta County,Georgia
421,Crawford County,Georgia
422,Crisp County,Georgia
423,Dade County,Georgia
424,Dawson County,Georgia
425,Decatur County,Georgia
426,DeKalb County,Georgia
427,Dodge County,Georgia
428,Dooly County,Georgia
429,Dougherty County,Georgia
430,Douglas County,Georgia
431,Early County,Georgia
432,Echols County,Georgia
433,Effingham County,Georgia
434,Elbert County,Georgia
435,Emanuel County,Georgia
436,Evans County,Georgia
437,Fannin County,Georgia
438,Fayette County,Georgia
439,Floyd County,Georgia
440,Forsyth County,Georgia
441,Franklin County,Georgia
442,Fulton County,Georgia
443,Gilmer County,Georgia
444,Glascock County,Georgia
445,Glynn County,Georgia
446,Gordon County,Georgia
447,Grady County,Georgia
448,Greene County,Georgia
449,Gwinnett County,Georgia
450,Habersham County,Georgia
451,Hall County,Georgia
452,Hancock County,Georgia
453,Haralson County,Georgia
454,Harris County,Georgia
455,Hart County,Georgia
456,Heard County,Georgia
457,Henry County,Georgia
458,Houston County,Georgia
459,Irwin County,Georgia
460,Jackson County,Georgia
461,Jasper County,Georgia
462,Jeff Davis County,Georgia
463,Jefferson County,Georgia
464,Jenkins County,Georgia
465,Johnson County,Georgia
466,Jones County,Georgia
467,Lamar County,Georgia
468,Lanier County,Georgia
469,Laurens County,Georgia
470,Lee County,Georgia
471,Liberty County,Georgia
472,Lincoln County,Georgia
473,Long County,Georgia
474,Lowndes County,Georgia
475,Lumpkin County,Georgia
476,McDuffie County,Georgia
477,McIntosh County,Georgia
478,Macon County,Georgia
479,Madison County,Georgia
480,Marion County,Georgia
481,Meriwether County,Georgia
482,Miller County,Georgia
483,Mitchell County,Georgia
484,Monroe County,Georgia
485,Montgomery County,Georgia
486,Morgan County,Georgia
487,Murray County,Georgia
488,Muscogee County,Georgia
489,Newton County,Georgia
490,Oconee County,Georgia
491,Oglethorpe County,Georgia
492,Paulding County,Georgia
493,Peach County,Georgia
494,Pickens County,Georgia
495,Pierce County,Georgia
496,Pike County,Georgia
497,Polk County,Georgia
498,Pulaski County,Georgia
499,Putnam County,Georgia
500,Quitman County,Georgia
501,Rabun County,Georgia
502,Randolph County,Georgia
503,Richmond County,Georgia
504,Rockdale County,Georgia
505,Schley County,Georgia
506,Screven County,Georgia
507,Seminole County,Georgia
508,Spalding County,Georgia
509,Stephens County,Georgia
510,Stewart County,Georgia
511,Sumter County,Georgia
512,Talbot County,Georgia
513,Taliaferro County,Georgia
514,Tattnall County,Georgia
515,Taylor County,Georgia
516,Telfair County,Georgia
517,Terrell County,Georgia
518,Thomas County,Georgia
519,Tift County,Georgia
520,Toombs County,Georgia
521,Towns County,Georgia
522,Treutlen County,Georgia
523,Troup County,Georgia
524,Turner County,Georgia
525,Twiggs County,Georgia
526,Union County,Georgia
527,Upson County,Georgia
528,Walker County,Georgia
529,Walton County,Georgia
530,Ware County,Georgia
531,Warren County,Georgia
532,Washington County,Georgia
533,Wayne County,Georgia
534,Webster County,Georgia
535,Wheeler County,Georgia
536,White County,Georgia
537,Whitfield County,Georgia
538,Wilcox County,Georgia
539,Wilkes County,Georgia
540,Wilkinson County,Georgia
541,Worth County,Georgia
542,Hawaii County,Hawaii
543,Honolulu County,Hawaii
544,Kalawao County,Hawaii
545,Kauai County,Hawaii
546,Maui County,Hawaii
547,Ada County,Idaho
548,Adams County,Idaho
549,Bannock County,Idaho
550,Bear Lake County,Idaho
551,Benewah County,Idaho
552,Bingham County,Idaho
553,Blaine County,Idaho
554,Boise County,Idaho
555,Bonner County,Idaho
556,Bonneville County,Idaho
557,Boundary County,Idaho
558,Butte County,Idaho
559,Camas County,Idaho
560,Canyon County,Idaho
561,Caribou County,Idaho
562,Cassia County,Idaho
563,Clark County,Idaho
564,Clearwater County,Idaho
565,Custer County,Idaho
566,Elmore County,Idaho
567,Franklin County,Idaho
568,Fremont County,Idaho
569,Gem County,Idaho
570,Gooding County,Idaho
571,Idaho County,Idaho
572,Jefferson County,Idaho
573,Jerome County,Idaho
574,Kootenai County,Idaho
575,Latah County,Idaho
576,Lemhi County,Idaho
577,Lewis County,Idaho
578,Lincoln County,Idaho
579,Madison County,Idaho
580,Minidoka County,Idaho
581,Nez Perce County,Idaho
582,Oneida County,Idaho
583,Owyhee County,Idaho
584,Payette County,Idaho
585,Power County,Idaho
586,Shoshone County,Idaho
587,Teton County,Idaho
588,Twin Falls County,Idaho
589,Valley County,Idaho
590,Washington County,Idaho
591,Adams County,Illinois
592,Alexander County,Illinois
593,Bond County,Illinois
594,Boone County,Illinois
595,Brown County,Illinois
596,Bureau County,Illinois
597,Calhoun County,Illinois
598,Carroll County,Illinois
599,Cass County,Illinois
600,Champaign County,Illinois
601,Christian County,Illinois
602,Clark County,Illinois
603,Clay County,Illinois
604,Clinton County,Illinois
605,Coles County,Illinois
606,Cook County,Illinois
607,Crawford County,Illinois
608,Cumberland County,Illinois
609,DeKalb County,Illinois
610,De Witt County,Illinois
611,Douglas County,Illinois
612,DuPage County,Illinois
613,Edgar County,Illinois
614,Edwards County,Illinois
615,Effingham County,Illinois
616,Fayette County,Illinois
617,Ford County,Illinois
618,Franklin County,Illinois
619,Fulton County,Illinois
620,Gallatin County,Illinois
621,Greene County,Illinois
622,Grundy County,Illinois
623,Hamilton County,Illinois
624,Hancock County,Illinois
625,Hardin County,Illinois
626,Henderson County,Illinois
627,Henry County,Illinois
628,Iroquois County,Illinois
629,Jackson County,Illinois
630,Jasper County,Illinois
631,Jefferson County,Illinois
632,Jersey County,Illinois
633,Jo Daviess County,Illinois
634,Johnson County,Illinois
635,Kane County,Illinois
636,Kankakee County,Illinois
637,Kendall County,Illinois
638,Knox County,Illinois
639,Lake County,Illinois
640,La Salle County,Illinois
641,Lawrence County,Illinois
642,Lee County,Illinois
643,Livingston County,Illinois
644,Logan County,Illinois
645,McDonough County,Illinois
646,McHenry County,Illinois
647,McLean County,Illinois
648,Macon County,Illinois
649,Macoupin County,Illinois
650,Madison County,Illinois
651,Marion County,Illinois
652,Marshall County,Illinois
653,Mason County,Illinois
654,Massac County,Illinois
655,Menard County,Illinois
656,Mercer County,Illinois
657,Monroe County,Illinois
658,Montgomery County,Illinois
659,Morgan County,Illinois
660,Moultrie County,Illinois
661,Ogle County,Illinois
662,Peoria County,Illinois
663,Perry County,Illinois
664,Piatt County,Illinois
665,Pike County,Illinois
666,Pope County,Illinois
667,Pulaski County,Illinois
668,Putnam County,Illinois
669,Randolph County,Illinois
670,Richland County,Illinois
671,Rock Island County,Illinois
672,St. Clair County,Illinois
673,Saline County,Illinois
674,Sangamon County,Illinois
675,Schuyler County,Illinois
676,Scott County,Illinois
677,Shelby County,Illinois
678,Stark County,Illinois
679,Stephenson County,Illinois
680,Tazewell County,Illinois
681,Union County,Illinois
682,Vermilion County,Illinois
683,Wabash County,Illinois
684,Warren County,Illinois
685,Washington County,Illinois
686,Wayne County,Illinois
687,White County,Illinois
688,Whiteside County,Illinois
689,Will County,Illinois
690,Williamson County,Illinois
691,Winnebago County,Illinois
692,Woodford County,Illinois
693,Adams County,Indiana
694,Allen County,Indiana
695,Bartholomew County,Indiana
696,Benton County,Indiana
697,Blackford County,Indiana
698,Boone County,Indiana
699,Brown County,Indiana
700,Carroll County,Indiana
701,Cass County,Indiana
702,Clark County,Indiana
703,Clay County,Indiana
704,Clinton County,Indiana
705,Crawford County,Indiana
706,Daviess County,Indiana
707,Dearborn County,Indiana
708,Decatur County,Indiana
709,DeKalb County,Indiana
710,Delaware County,Indiana
711,Dubois County,Indiana
712,Elkhart County,Indiana
713,Fayette County,Indiana
714,Floyd County,Indiana
715,Fountain County,Indiana
716,Franklin County,Indiana
717,Fulton County,Indiana
718,Gibson County,Indiana
719,Grant County,Indiana
720,Greene County,Indiana
721,Hamilton County,Indiana
722,Hancock County,Indiana
723,Harrison County,Indiana
724,Hendricks County,Indiana
725,Henry County,Indiana
726,Howard County,Indiana
727,Huntington County,Indiana
728,Jackson County,Indiana
729,Jasper County,Indiana
730,Jay County,Indiana
731,Jefferson County,Indiana
732,Jennings County,Indiana
733,Johnson County,Indiana
734,Knox County,Indiana
735,Kosciusko County,Indiana
736,Lagrange County,Indiana
737,Lake County,Indiana
738,La Porte County,Indiana
739,Lawrence County,Indiana
740,Madison County,Indiana
741,Marion County,Indiana
742,Marshall County,Indiana
743,Martin County,Indiana
744,Miami County,Indiana
745,Monroe County,Indiana
746,Montgomery County,Indiana
747,Morgan County,Indiana
748,Newton County,Indiana
749,Noble County,Indiana
750,Ohio County,Indiana
751,Orange County,Indiana
752,Owen County,Indiana
753,Parke County,Indiana
754,Perry County,Indiana
755,Pike County,Indiana
756,Porter County,Indiana
757,Posey County,Indiana
758,Pulaski County,Indiana
759,Putnam County,Indiana
760,Randolph County,Indiana
761,Ripley County,Indiana
762,Rush County,Indiana
763,St. Joseph County,Indiana
764,Scott County,Indiana
765,Shelby County,Indiana
766,Spencer County,Indiana
767,Starke County,Indiana
768,Steuben County,Indiana
769,Sullivan County,Indiana
770,Switzerland County,Indiana
771,Tippecanoe County,Indiana
772,Tipton County,Indiana
773,Union County,Indiana
774,Vanderburgh County,Indiana
775,Vermillion County,Indiana
776,Vigo County,Indiana
777,Wabash County,Indiana
778,Warren County,Indiana
779,Warrick County,Indiana
780,Washington County,Indiana
781,Wayne County,Indiana
782,Wells County,Indiana
783,White County,Indiana
784,Whitley County,Indiana
785,Adair County,Iowa
786,Adams County,Iowa
787,Allamakee County,Iowa
788,Appanoose County,Iowa
789,Audubon County,Iowa
790,Benton County,Iowa
791,Black Hawk County,Iowa
792,Boone County,Iowa
793,Bremer County,Iowa
794,Buchanan County,Iowa
795,Buena Vista County,Iowa
796,Butler County,Iowa
797,Calhoun County,Iowa
798,Carroll County,Iowa
799,Cass County,Iowa
800,Cedar County,Iowa
801,Cerro Gordo County,Iowa
802,Cherokee County,Iowa
803,Chickasaw County,Iowa
804,Clarke County,Iowa
805,Clay County,Iowa
806,Clayton County,Iowa
807,Clinton County,Iowa
808,Crawford County,Iowa
809,Dallas County,Iowa
810,Davis County,Iowa
811,Decatur County,Iowa
812,Delaware County,Iowa
813,Des Moines County,Iowa
814,Dickinson County,Iowa
815,Dubuque County,Iowa
816,Emmet County,Iowa
817,Fayette County,Iowa
818,Floyd County,Iowa
819,Franklin County,Iowa
820,Fremont County,Iowa
821,Greene County,Iowa
822,Grundy County,Iowa
823,Guthrie County,Iowa
824,Hamilton County,Iowa
825,Hancock County,Iowa
826,Hardin County,Iowa
827,Harrison County,Iowa
828,Henry County,Iowa
829,Howard County,Iowa
830,Humboldt County,Iowa
831,Ida County,Iowa
832,Iowa County,Iowa
833,Jackson County,Iowa
834,Jasper County,Iowa
835,Jefferson County,Iowa
836,Johnson County,Iowa
837,Jones County,Iowa
838,Keokuk County,Iowa
839,Kossuth County,Iowa
840,Lee County,Iowa
841,Linn County,Iowa
842,Louisa County,Iowa
843,Lucas County,Iowa
844,Lyon County,Iowa
845,Madison County,Iowa
846,Mahaska County,Iowa
847,Marion County,Iowa
848,Marshall County,Iowa
849,Mills County,Iowa
850,Mitchell County,Iowa
851,Monona County,Iowa
852,Monroe County,Iowa
853,Montgomery County,Iowa
854,Muscatine County,Iowa
855,O'Brien County,Iowa
856,Osceola County,Iowa
857,Page County,Iowa
858,Palo Alto County,Iowa
859,Plymouth County,Iowa
860,Pocahontas County,Iowa
861,Polk County,Iowa
862,Pottawattamie County,Iowa
863,Poweshiek County,Iowa
864,Ringgold County,Iowa
865,Sac County,Iowa
866,Scott County,Iowa
867,Shelby County,Iowa
868,Sioux County,Iowa
869,Story County,Iowa
870,Tama County,Iowa
871,Taylor County,Iowa
872,Union County,Iowa
873,Van Buren County,Iowa
874,Wapello County,Iowa
875,Warren County,Iowa
876,Washington County,Iowa
877,Wayne County,Iowa
878,Webster County,Iowa
879,Winnebago County,Iowa
880,Winneshiek County,Iowa
881,Woodbury County,Iowa
882,Worth County,Iowa
883,Wright County,Iowa
884,Allen County,Kansas
885,Anderson County,Kansas
886,Atchison County,Kansas
887,Barber County,Kansas
888,Barton County,Kansas
889,Bourbon County,Kansas
890,Brown County,Kansas
891,Butler County,Kansas
892,Chase County,Kansas
893,Chautauqua County,Kansas
894,Cherokee County,Kansas
895,Cheyenne County,Kansas
896,Clark County,Kansas
897,Clay County,Kansas
898,Cloud County,Kansas
899,Coffey County,Kansas
900,Comanche County,Kansas
901,Cowley County,Kansas
902,Crawford County,Kansas
903,Decatur County,Kansas
904,Dickinson County,Kansas
905,Doniphan County,Kansas
906,Douglas County,Kansas
907,Edwards County,Kansas
908,Elk County,Kansas
909,Ellis County,Kansas
910,Ellsworth County,Kansas
911,Finney County,Kansas
912,Ford County,Kansas
913,Franklin County,Kansas
914,Geary County,Kansas
915,Gove County,Kansas
916,Graham County,Kansas
917,Grant County,Kansas
918,Gray County,Kansas
919,Greeley County,Kansas
920,Greenwood County,Kansas
921,Hamilton County,Kansas
922,Harper County,Kansas
923,Harvey County,Kansas
924,Haskell County,Kansas
925,Hodgeman County,Kansas
926,Jackson County,Kansas
927,Jefferson County,Kansas
928,Jewell County,Kansas
929,Johnson County,Kansas
930,Kearny County,Kansas
931,Kingman County,Kansas
932,Kiowa County,Kansas
933,Labette County,Kansas
934,Lane County,Kansas
935,Leavenworth County,Kansas
936,Lincoln County,Kansas
937,Linn County,Kansas
938,Logan County,Kansas
939,Lyon County,Kansas
940,McPherson County,Kansas
941,Marion County,Kansas
942,Marshall County,Kansas
943,Meade County,Kansas
944,Miami County,Kansas
945,Mitchell County,Kansas
946,Montgomery County,Kansas
947,Morris County,Kansas
948,Morton County,Kansas
949,Nemaha County,Kansas
950,Neosho County,Kansas
951,Ness County,Kansas
952,Norton County,Kansas
953,Osage County,Kansas
954,Osborne County,Kansas
955,Ottawa County,Kansas
956,Pawnee County,Kansas
957,Phillips County,Kansas
958,Pottawatomie County,Kansas
959,Pratt County,Kansas
960,Rawlins County,Kansas
961,Reno County,Kansas
962,Republic County,Kansas
963,Rice County,Kansas
964,Riley County,Kansas
965,Rooks County,Kansas
966,Rush County,Kansas
967,Russell County,Kansas
968,Saline County,Kansas
969,Scott County,Kansas
970,Sedgwick County,Kansas
971,Seward County,Kansas
972,Shawnee County,Kansas
973,Sheridan County,Kansas
974,Sherman County,Kansas
975,Smith County,Kansas
976,Stafford County,Kansas
977,Stanton County,Kansas
978,Stevens County,Kansas
979,Sumner County,Kansas
980,Thomas County,Kansas
981,Trego County,Kansas
982,Wabaunsee County,Kansas
983,Wallace County,Kansas
984,Washington County,Kansas
985,Wichita County,Kansas
986,Wilson County,Kansas
987,Woodson County,Kansas
988,Wyandotte County,Kansas
989,Adair County,Kentucky
990,Allen County,Kentucky
991,Anderson County,Kentucky
992,Ballard County,Kentucky
993,Barren County,Kentucky
994,Bath County,Kentucky
995,Bell County,Kentucky
996,Boone County,Kentucky
997,Bourbon County,Kentucky
998,Boyd County,Kentucky
999,Boyle County,Kentucky
1000,Bracken County,Kentucky
1001,Breathitt County,Kentucky
1002,Breckinridge County,Kentucky
1003,Bullitt County,Kentucky
1004,Butler County,Kentucky
1005,Caldwell County,Kentucky
1006,Calloway County,Kentucky
1007,Campbell County,Kentucky
1008,Carlisle County,Kentucky
1009,Carroll County,Kentucky
1010,Carter County,Kentucky
1011,Casey County,Kentucky
1012,Christian County,Kentucky
1013,Clark County,Kentucky
1014,Clay County,Kentucky
1015,Clinton County,Kentucky
1016,Crittenden County,Kentucky
1017,Cumberland County,Kentucky
1018,Daviess County,Kentucky
1019,Edmonson County,Kentucky
1020,Elliott County,Kentucky
1021,Estill County,Kentucky
1022,Fayette County,Kentucky
1023,Fleming County,Kentucky
1024,Floyd County,Kentucky
1025,Franklin County,Kentucky
1026,Fulton County,Kentucky
1027,Gallatin County,Kentucky
1028,Garrard County,Kentucky
1029,Grant County,Kentucky
1030,Graves County,Kentucky
1031,Grayson County,Kentucky
1032,Green County,Kentucky
1033,Greenup County,Kentucky
1034,Hancock County,Kentucky
1035,Hardin County,Kentucky
1036,Harlan County,Kentucky
1037,Harrison County,Kentucky
1038,Hart County,Kentucky
1039,Henderson County,Kentucky
1040,Henry County,Kentucky
1041,Hickman County,Kentucky
1042,Hopkins County,Kentucky
1043,Jackson County,Kentucky
1044,Jefferson County,Kentucky
1045,Jessamine County,Kentucky
1046,Johnson County,Kentucky
1047,Kenton County,Kentucky
1048,Knott County,Kentucky
1049,Knox County,Kentucky
1050,Larue County,Kentucky
1051,Laurel County,Kentucky
1052,Lawrence County,Kentucky
1053,Lee County,Kentucky
1054,Leslie County,Kentucky
1055,Letcher County,Kentucky
1056,Lewis County,Kentucky
1057,Lincoln County,Kentucky
1058,Livingston County,Kentucky
1059,Logan County,Kentucky
1060,Lyon County,Kentucky
1061,McCracken County,Kentucky
1062,McCreary County,Kentucky
1063,McLean County,Kentucky
1064,Madison County,Kentucky
1065,Magoffin County,Kentucky
1066,Marion County,Kentucky
1067,Marshall County,Kentucky
1068,Martin County,Kentucky
1069,Mason County,Kentucky
1070,Meade County,Kentucky
1071,Menifee County,Kentucky
1072,Mercer County,Kentucky
1073,Metcalfe County,Kentucky
1074,Monroe County,Kentucky
1075,Montgomery County,Kentucky
1076,Morgan County,Kentucky
1077,Muhlenberg County,Kentucky
1078,Nelson County,Kentucky
1079,Nicholas County,Kentucky
1080,Ohio County,Kentucky
1081,Oldham County,Kentucky
1082,Owen County,Kentucky
1083,Owsley County,Kentucky
1084,Pendleton County,Kentucky
1085,Perry County,Kentucky
1086,Pike County,Kentucky
1087,Powell County,Kentucky
1088,Pulaski County,Kentucky
1089,Robertson County,Kentucky
1090,Rockcastle County,Kentucky
1091,Rowan County,Kentucky
1092,Russell County,Kentucky
1093,Scott County,Kentucky
1094,Shelby County,Kentucky
1095,Simpson County,Kentucky
1096,Spencer County,Kentucky
1097,Taylor County,Kentucky
1098,Todd County,Kentucky
1099,Trigg County,Kentucky
1100,Trimble County,Kentucky
1101,Union County,Kentucky
1102,Warren County,Kentucky
1103,Washington County,Kentucky
1104,Wayne County,Kentucky
1105,Webster County,Kentucky
1106,Whitley County,Kentucky
1107,Wolfe County,Kentucky
1108,Woodford County,Kentucky
1109,Acadia Parish,Louisiana
1110,Allen Parish,Louisiana
1111,Ascension Parish,Louisiana
1112,Assumption Parish,Louisiana
1113,Avoyelles Parish,Louisiana
1114,Beauregard Parish,Louisiana
1115,Bienville Parish,Louisiana
1116,Bossier Parish,Louisiana
1117,Caddo Parish,Louisiana
1118,Calcasieu Parish,Louisiana
1119,Caldwell Parish,Louisiana
1120,Cameron Parish,Louisiana
1121,Catahoula Parish,Louisiana
1122,Claiborne Parish,Louisiana
1123,Concordia Parish,Louisiana
1124,DeSoto Parish,Louisiana
1125,East Baton Rouge Parish,Louisiana
1126,East Carroll Parish,Louisiana
1127,East Feliciana Parish,Louisiana
1128,Evangeline Parish,Louisiana
1129,Franklin Parish,Louisiana
1130,Grant Parish,Louisiana
1131,Iberia Parish,Louisiana
1132,Iberville Parish,Louisiana
1133,Jackson Parish,Louisiana
1134,Jefferson Parish,Louisiana
1135,Jefferson Davis Parish,Louisiana
1136,Lafayette Parish,Louisiana
1137,Lafourche Parish,Louisiana
1138,La Salle Parish,Louisiana
1139,Lincoln Parish,Louisiana
1140,Livingston Parish,Louisiana
1141,Madison Parish,Louisiana
1142,Morehouse Parish,Louisiana
1143,Natchitoches Parish,Louisiana
1144,Orleans Parish,Louisiana
1145,Ouachita Parish,Louisiana
1146,Plaquemines Parish,Louisiana
1147,Pointe Coupee Parish,Louisiana
1148,Rapides Parish,Louisiana
1149,Red River Parish,Louisiana
1150,Richland Parish,Louisiana
1151,Sabine Parish,Louisiana
1152,St. Bernard Parish,Louisiana
1153,St. Charles Parish,Louisiana
1154,St. Helena Parish,Louisiana
1155,St. James Parish,Louisiana
1156,St. John The Baptist Parish,Louisiana
1157,St. Landry Parish,Louisiana
1158,St. Martin Parish,Louisiana
1159,St. Mary Parish,Louisiana
1160,St. Tammany Parish,Louisiana
1161,Tangipahoa Parish,Louisiana
1162,Tensas Parish,Louisiana
1163,Terrebonne Parish,Louisiana
1164,Union Parish,Louisiana
1165,Vermilion Parish,Louisiana
1166,Vernon Parish,Louisiana
1167,Washington Parish,Louisiana
1168,Webster Parish,Louisiana
1169,West Baton Rouge Parish,Louisiana
1170,West Carroll Parish,Louisiana
1171,West Feliciana Parish,Louisiana
1172,Winn Parish,Louisiana
1173,Androscoggin County,Maine
1174,Aroostook County,Maine
1175,Cumberland County,Maine
1176,Franklin County,Maine
1177,Hancock County,Maine
1178,Kennebec County,Maine
1179,Knox County,Maine
1180,Lincoln County,Maine
1181,Oxford County,Maine
1182,Penobscot County,Maine
1183,Piscataquis County,Maine
1184,Sagadahoc County,Maine
1185,Somerset County,Maine
1186,Waldo County,Maine
1187,Washington County,Maine
1188,York County,Maine
1189,Allegany County,Maryland
1190,Anne Arundel County,Maryland
1191,Baltimore County,Maryland
1192,Calvert County,Maryland
1193,Caroline County,Maryland
1194,Carroll County,Maryland
1195,Cecil County,Maryland
1196,Charles County,Maryland
1197,Dorchester County,Maryland
1198,Frederick County,Maryland
1199,Garrett County,Maryland
1200,Harford County,Maryland
1201,Howard County,Maryland
1202,Kent County,Maryland
1203,Montgomery County,Maryland
1204,Prince George's County,Maryland
1205,Queen Anne's County,Maryland
1206,St. Mary's County,Maryland
1207,Somerset County,Maryland
1208,Talbot County,Maryland
1209,Washington County,Maryland
1210,Wicomico County,Maryland
1211,Worcester County,Maryland
1212,Baltimore City,Maryland
1213,Barnstable County,Massachusetts
1214,Berkshire County,Massachusetts
1215,Bristol County,Massachusetts
1216,Dukes County,Massachusetts
1217,Essex County,Massachusetts
1218,Franklin County,Massachusetts
1219,Hampden County,Massachusetts
1220,Hampshire County,Massachusetts
1221,Middlesex County,Massachusetts
1222,Nantucket County,Massachusetts
1223,Norfolk County,Massachusetts
1224,Plymouth County,Massachusetts
1225,Suffolk County,Massachusetts
1226,Worcester County,Massachusetts
1227,Alcona County,Michigan
1228,Alger County,Michigan
1229,Allegan County,Michigan
1230,Alpena County,Michigan
1231,Antrim County,Michigan
1232,Arenac County,Michigan
1233,Baraga County,Michigan
1234,Barry County,Michigan
1235,Bay County,Michigan
1236,Benzie County,Michigan
1237,Berrien County,Michigan
1238,Branch County,Michigan
1239,Calhoun County,Michigan
1240,Cass County,Michigan
1241,Charlevoix County,Michigan
1242,Cheboygan County,Michigan
1243,Chippewa County,Michigan
1244,Clare County,Michigan
1245,Clinton County,Michigan
1246,Crawford County,Michigan
1247,Delta County,Michigan
1248,Dickinson County,Michigan
1249,Eaton County,Michigan
1250,Emmet County,Michigan
1251,Genesee County,Michigan
1252,Gladwin County,Michigan
1253,Gogebic County,Michigan
1254,Grand Traverse County,Michigan
1255,Gratiot County,Michigan
1256,Hillsdale County,Michigan
1257,Houghton County,Michigan
1258,Huron County,Michigan
1259,Ingham County,Michigan
1260,Ionia County,Michigan
1261,Iosco County,Michigan
1262,Iron County,Michigan
1263,Isabella County,Michigan
1264,Jackson County,Michigan
1265,Kalamazoo County,Michigan
1266,Kalkaska County,Michigan
1267,Kent County,Michigan
1268,Keweenaw County,Michigan
1269,Lake County,Michigan
1270,Lapeer County,Michigan
1271,Leelanau County,Michigan
1272,Lenawee County,Michigan
1273,Livingston County,Michigan
1274,Luce County,Michigan
1275,Mackinac County,Michigan
1276,Macomb County,Michigan
1277,Manistee County,Michigan
1278,Marquette County,Michigan
1279,Mason County,Michigan
1280,Mecosta County,Michigan
1281,Menominee County,Michigan
1282,Midland County,Michigan
1283,Missaukee County,Michigan
1284,Monroe County,Michigan
1285,Montcalm County,Michigan
1286,Montmorency County,Michigan
1287,Muskegon County,Michigan
1288,Newaygo County,Michigan
1289,Oakland County,Michigan
1290,Oceana County,Michigan
1291,Ogemaw County,Michigan
1292,Ontonagon County,Michigan
1293,Osceola County,Michigan
1294,Oscoda County,Michigan
1295,Otsego County,Michigan
1296,Ottawa County,Michigan
1297,Presque Isle County,Michigan
1298,Roscommon County,Michigan
1299,Saginaw County,Michigan
1300,St. Clair County,Michigan
1301,St. Joseph County,Michigan
1302,Sanilac County,Michigan
1303,Schoolcraft County,Michigan
1304,Shiawassee County,Michigan
1305,Tuscola County,Michigan
1306,Van Buren County,Michigan
1307,Washtenaw County,Michigan
1308,Wayne County,Michigan
1309,Wexford County,Michigan
1310,Aitkin County,Minnesota
1311,Anoka County,Minnesota
1312,Becker County,Minnesota
1313,Beltrami County,Minnesota
1314,Benton County,Minnesota
1315,Big Stone County,Minnesota
1316,Blue Earth County,Minnesota
1317,Brown County,Minnesota
1318,Carlton County,Minnesota
1319,Carver County,Minnesota
1320,Cass County,Minnesota
1321,Chippewa County,Minnesota
1322,Chisago County,Minnesota
1323,Clay County,Minnesota
1324,Clearwater County,Minnesota
1325,Cook County,Minnesota
1326,Cottonwood County,Minnesota
1327,Crow Wing County,Minnesota
1328,Dakota County,Minnesota
1329,Dodge County,Minnesota
1330,Douglas County,Minnesota
1331,Faribault County,Minnesota
1332,Fillmore County,Minnesota
1333,Freeborn County,Minnesota
1334,Goodhue County,Minnesota
1335,Grant County,Minnesota
1336,Hennepin County,Minnesota
1337,Houston County,Minnesota
1338,Hubbard County,Minnesota
1339,Isanti County,Minnesota
1340,Itasca County,Minnesota
1341,Jackson County,Minnesota
1342,Kanabec County,Minnesota
1343,Kandiyohi County,Minnesota
1344,Kittson County,Minnesota
1345,Koochiching County,Minnesota
1346,Lac Qui Parle County,Minnesota
1347,Lake County,Minnesota
1348,Lake Of The Woods County,Minnesota
1349,Le Sueur County,Minnesota
1350,Lincoln County,Minnesota
1351,Lyon County,Minnesota
1352,McLeod County,Minnesota
1353,Mahnomen County,Minnesota
1354,Marshall County,Minnesota
1355,Martin County,Minnesota
1356,Meeker County,Minnesota
1357,Mille Lacs County,Minnesota
1358,Morrison County,Minnesota
1359,Mower County,Minnesota
1360,Murray County,Minnesota
1361,Nicollet County,Minnesota
1362,Nobles County,Minnesota
1363,Norman County,Minnesota
1364,Olmsted County,Minnesota
1365,Otter Tail County,Minnesota
1366,Pennington County,Minnesota
1367,Pine County,Minnesota
1368,Pipestone County,Minnesota
1369,Polk County,Minnesota
1370,Pope County,Minnesota
1371,Ramsey County,Minnesota
1372,Red Lake County,Minnesota
1373,Redwood County,Minnesota
1374,Renville County,Minnesota
1375,Rice County,Minnesota
1376,Rock County,Minnesota
1377,Roseau County,Minnesota
1378,St. Louis County,Minnesota
1379,Scott County,Minnesota
1380,Sherburne County,Minnesota
1381,Sibley County,Minnesota
1382,Stearns County,Minnesota
1383,Steele County,Minnesota
1384,Stevens County,Minnesota
1385,Swift County,Minnesota
1386,Todd County,Minnesota
1387,Traverse County,Minnesota
1388,Wabasha County,Minnesota
1389,Wadena County,Minnesota
1390,Waseca County,Minnesota
1391,Washington County,Minnesota
1392,Watonwan County,Minnesota
1393,Wilkin County,Minnesota
1394,Winona County,Minnesota
1395,Wright County,Minnesota
1396,Yellow Medicine County,Minnesota
1397,Adams County,Mississippi
1398,Alcorn County,Mississippi
1399,Amite County,Mississippi
1400,Attala County,Mississippi
1401,Benton County,Mississippi
1402,Bolivar County,Mississippi
1403,Calhoun County,Mississippi
1404,Carroll County,Mississippi
1405,Chickasaw County,Mississippi
1406,Choctaw County,Mississippi
1407,Claiborne County,Mississippi
1408,Clarke County,Mississippi
1409,Clay County,Mississippi
1410,Coahoma County,Mississippi
1411,Copiah County,Mississippi
1412,Covington County,Mississippi
1413,DeSoto County,Mississippi
1414,Forrest County,Mississippi
1415,Franklin County,Mississippi
1416,George County,Mississippi
1417,Greene County,Mississippi
1418,Grenada County,Mississippi
1419,Hancock County,Mississippi
1420,Harrison County,Mississippi
1421,Hinds County,Mississippi
1422,Holmes County,Mississippi
1423,Humphreys County,Mississippi
1424,Issaquena County,Mississippi
1425,Itawamba County,Mississippi
1426,Jackson County,Mississippi
1427,Jasper County,Mississippi
1428,Jefferson County,Mississippi
1429,Jefferson Davis County,Mississippi
1430,Jones County,Mississippi
1431,Kemper County,Mississippi
1432,Lafayette County,Mississippi
1433,Lamar County,Mississippi
1434,Lauderdale County,Mississippi
1435,Lawrence County,Mississippi
1436,Leake County,Mississippi
1437,Lee County,Mississippi
1438,Leflore County,Mississippi
1439,Lincoln County,Mississippi
1440,Lowndes County,Mississippi
1441,Madison County,Mississippi
1442,Marion County,Mississippi
1443,Marshall County,Mississippi
1444,Monroe County,Mississippi
1445,Montgomery County,Mississippi
1446,Neshoba County,Mississippi
1447,Newton County,Mississippi
1448,Noxubee County,Mississippi
1449,Oktibbeha County,Mississippi
1450,Panola County,Mississippi
1451,Pearl River County,Mississippi
1452,Perry County,Mississippi
1453,Pike County,Mississippi
1454,Pontotoc County,Mississippi
1455,Prentiss County,Mississippi
1456,Quitman County,Mississippi
1457,Rankin County,Mississippi
1458,Scott County,Mississippi
1459,Sharkey County,Mississippi
1460,Simpson County,Mississippi
1461,Smith County,Mississippi
1462,Stone County,Mississippi
1463,Sunflower County,Mississippi
1464,Tallahatchie County,Mississippi
1465,Tate County,Mississippi
1466,Tippah County,Mississippi
1467,Tishomingo County,Mississippi
1468,Tunica County,Mississippi
1469,Union County,Mississippi
1470,Walthall County,Mississippi
1471,Warren County,Mississippi
1472,Washington County,Mississippi
1473,Wayne County,Mississippi
1474,Webster County,Mississippi
1475,Wilkinson County,Mississippi
1476,Winston County,Mississippi
1477,Yalobusha County,Mississippi
1478,Yazoo County,Mississippi
1479,Adair County,Missouri
1480,Andrew County,Missouri
1481,Atchison County,Missouri
1482,Audrain County,Missouri
1483,Barry County,Missouri
1484,Barton County,Missouri
1485,Bates County,Missouri
1486,Benton County,Missouri
1487,Bollinger County,Missouri
1488,Boone County,Missouri
1489,Buchanan County,Missouri
1490,Butler County,Missouri
1491,Caldwell County,Missouri
1492,Callaway County,Missouri
1493,Camden County,Missouri
1494,Cape Girardeau County,Missouri
1495,Carroll County,Missouri
1496,Carter County,Missouri
1497,Cass County,Missouri
1498,Cedar County,Missouri
1499,Chariton County,Missouri
1500,Christian County,Missouri
1501,Clark County,Missouri
1502,Clay County,Missouri
1503,Clinton County,Missouri
1504,Cole County,Missouri
1505,Cooper County,Missouri
1506,Crawford County,Missouri
1507,Dade County,Missouri
1508,Dallas County,Missouri
1509,Daviess County,Missouri
1510,DeKalb County,Missouri
1511,Dent County,Missouri
1512,Douglas County,Missouri
1513,Dunklin County,Missouri
1514,Franklin County,Missouri
1515,Gasconade County,Missouri
1516,Gentry County,Missouri
1517,Greene County,Missouri
1518,Grundy County,Missouri
1519,Harrison County,Missouri
1520,Henry County,Missouri
1521,Hickory County,Missouri
1522,Holt County,Missouri
1523,Howard County,Missouri
1524,Howell County,Missouri
1525,Iron County,Missouri
1526,Jackson County,Missouri
1527,Jasper County,Missouri
1528,Jefferson County,Missouri
1529,Johnson County,Missouri
1530,Knox County,Missouri
1531,Laclede County,Missouri
1532,Lafayette County,Missouri
1533,Lawrence County,Missouri
1534,Lewis County,Missouri
1535,Lincoln County,Missouri
1536,Linn County,Missouri
1537,Livingston County,Missouri
1538,McDonald County,Missouri
1539,Macon County,Missouri
1540,Madison County,Missouri
1541,Maries County,Missouri
1542,Marion County,Missouri
1543,Mercer County,Missouri
1544,Miller County,Missouri
1545,Mississippi County,Missouri
1546,Moniteau County,Missouri
1547,Monroe County,Missouri
1548,Montgomery County,Missouri
1549,Morgan County,Missouri
1550,New Madrid County,Missouri
1551,Newton County,Missouri
1552,Nodaway County,Missouri
1553,Oregon County,Missouri
1554,Osage County,Missouri
1555,Ozark County,Missouri
1556,Pemiscot County,Missouri
1557,Perry County,Missouri
1558,Pettis County,Missouri
1559,Phelps County,Missouri
1560,Pike County,Missouri
1561,Platte County,Missouri
1562,Polk County,Missouri
1563,Pulaski County,Missouri
1564,Putnam County,Missouri
1565,Ralls County,Missouri
1566,Randolph County,Missouri
1567,Ray County,Missouri
1568,Reynolds County,Missouri
1569,Ripley County,Missouri
1570,St. Charles County,Missouri
1571,St. Clair County,Missouri
1572,St. Francois County,Missouri
1573,St. Louis County,Missouri
1574,Ste. Genevieve County,Missouri
1575,Saline County,Missouri
1576,Schuyler County,Missouri
1577,Scotland County,Missouri
1578,Scott County,Missouri
1579,Shannon County,Missouri
1580,Shelby County,Missouri
1581,Stoddard County,Missouri
1582,Stone County,Missouri
1583,Sullivan County,Missouri
1584,Taney County,Missouri
1585,Texas County,Missouri
1586,Vernon County,Missouri
1587,Warren County,Missouri
1588,Washington County,Missouri
1589,Wayne County,Missouri
1590,Webster County,Missouri
1591,Worth County,Missouri
1592,Wright County,Missouri
1593,St. Louis City,Missouri
1594,Beaverhead County,Montana
1595,Big Horn County,Montana
1596,Blaine County,Montana
1597,Broadwater County,Montana
1598,Carbon County,Montana
1599,Carter County,Montana
1600,Cascade County,Montana
1601,Chouteau County,Montana
1602,Custer County,Montana
1603,Daniels County,Montana
1604,Dawson County,Montana
1605,Deer Lodge County,Montana
1606,Fallon County,Montana
1607,Fergus County,Montana
1608,Flathead County,Montana
1609,Gallatin County,Montana
1610,Garfield County,Montana
1611,Glacier County,Montana
1612,Golden Valley County,Montana
1613,Granite County,Montana
1614,Hill County,Montana
1615,Jefferson County,Montana
1616,Judith Basin County,Montana
1617,Lake County,Montana
1618,Lewis And Clark County,Montana
1619,Liberty County,Montana
1620,Lincoln County,Montana
1621,McCone County,Montana
1622,Madison County,Montana
1623,Meagher County,Montana
1624,Mineral County,Montana
1625,Missoula County,Montana
1626,Musselshell County,Montana
1627,Park County,Montana
1628,Petroleum County,Montana
1629,Phillips County,Montana
1630,Pondera County,Montana
1631,Powder River County,Montana
1632,Powell County,Montana
1633,Prairie County,Montana
1634,Ravalli County,Montana
1635,Richland County,Montana
1636,Roosevelt County,Montana
1637,Rosebud County,Montana
1638,Sanders County,Montana
1639,Sheridan County,Montana
1640,Silver Bow County,Montana
1641,Stillwater County,Montana
1642,Sweet Grass County,Montana
1643,Teton County,Montana
1644,Toole County,Montana
1645,Treasure County,Montana
1646,Valley County,Montana
1647,Wheatland County,Montana
1648,Wibaux County,Montana
1649,Yellowstone County,Montana
1651,Adams County,Nebraska
1652,Antelope County,Nebraska
1653,Arthur County,Nebraska
1654,Banner County,Nebraska
1655,Blaine County,Nebraska
1656,Boone County,Nebraska
1657,Box Butte County,Nebraska
1658,Boyd County,Nebraska
1659,Brown County,Nebraska
1660,Buffalo County,Nebraska
1661,Burt County,Nebraska
1662,Butler County,Nebraska
1663,Cass County,Nebraska
1664,Cedar County,Nebraska
1665,Chase County,Nebraska
1666,Cherry County,Nebraska
1667,Cheyenne County,Nebraska
1668,Clay County,Nebraska
1669,Colfax County,Nebraska
1670,Cuming County,Nebraska
1671,Custer County,Nebraska
1672,Dakota County,Nebraska
1673,Dawes County,Nebraska
1674,Dawson County,Nebraska
1675,Deuel County,Nebraska
1676,Dixon County,Nebraska
1677,Dodge County,Nebraska
1678,Douglas County,Nebraska
1679,Dundy County,Nebraska
1680,Fillmore County,Nebraska
1681,Franklin County,Nebraska
1682,Frontier County,Nebraska
1683,Furnas County,Nebraska
1684,Gage County,Nebraska
1685,Garden County,Nebraska
1686,Garfield County,Nebraska
1687,Gosper County,Nebraska
1688,Grant County,Nebraska
1689,Greeley County,Nebraska
1690,Hall County,Nebraska
1691,Hamilton County,Nebraska
1692,Harlan County,Nebraska
1693,Hayes County,Nebraska
1694,Hitchcock County,Nebraska
1695,Holt County,Nebraska
1696,Hooker County,Nebraska
1697,Howard County,Nebraska
1698,Jefferson County,Nebraska
1699,Johnson County,Nebraska
1700,Kearney County,Nebraska
1701,Keith County,Nebraska
1702,Keya Paha County,Nebraska
1703,Kimball County,Nebraska
1704,Knox County,Nebraska
1705,Lancaster County,Nebraska
1706,Lincoln County,Nebraska
1707,Logan County,Nebraska
1708,Loup County,Nebraska
1709,McPherson County,Nebraska
1710,Madison County,Nebraska
1711,Merrick County,Nebraska
1712,Morrill County,Nebraska
1713,Nance County,Nebraska
1714,Nemaha County,Nebraska
1715,Nuckolls County,Nebraska
1716,Otoe County,Nebraska
1717,Pawnee County,Nebraska
1718,Perkins County,Nebraska
1719,Phelps County,Nebraska
1720,Pierce County,Nebraska
1721,Platte County,Nebraska
1722,Polk County,Nebraska
1723,Red Willow County,Nebraska
1724,Richardson County,Nebraska
1725,Rock County,Nebraska
1726,Saline County,Nebraska
1727,Sarpy County,Nebraska
1728,Saunders County,Nebraska
1729,Scotts Bluff County,Nebraska
1730,Seward County,Nebraska
1731,Sheridan County,Nebraska
1732,Sherman County,Nebraska
1733,Sioux County,Nebraska
1734,Stanton County,Nebraska
1735,Thayer County,Nebraska
1736,Thomas County,Nebraska
1737,Thurston County,Nebraska
1738,Valley County,Nebraska
1739,Washington County,Nebraska
1740,Wayne County,Nebraska
1741,Webster County,Nebraska
1742,Wheeler County,Nebraska
1743,York County,Nebraska
1744,Churchill County,Nevada
1745,Clark County,Nevada
1746,Douglas County,Nevada
1747,Elko County,Nevada
1748,Esmeralda County,Nevada
1749,Eureka County,Nevada
1750,Humboldt County,Nevada
1751,Lander County,Nevada
1752,Lincoln County,Nevada
1753,Lyon County,Nevada
1754,Mineral County,Nevada
1755,Nye County,Nevada
1756,Pershing County,Nevada
1757,Storey County,Nevada
1758,Washoe County,Nevada
1759,White Pine County,Nevada
1760,Carson City,Nevada
1761,Belknap County,New Hampshire
1762,Carroll County,New Hampshire
1763,Cheshire County,New Hampshire
1764,Coos County,New Hampshire
1765,Grafton County,New Hampshire
1766,Hillsborough County,New Hampshire
1767,Merrimack County,New Hampshire
1768,Rockingham County,New Hampshire
1769,Strafford County,New Hampshire
1770,Sullivan County,New Hampshire
1771,Atlantic County,New Jersey
1772,Bergen County,New Jersey
1773,Burlington County,New Jersey
1774,Camden County,New Jersey
1775,Cape May County,New Jersey
1776,Cumberland County,New Jersey
1777,Essex County,New Jersey
1778,Gloucester County,New Jersey
1779,Hudson County,New Jersey
1780,Hunterdon County,New Jersey
1781,Mercer County,New Jersey
1782,Middlesex County,New Jersey
1783,Monmouth County,New Jersey
1784,Morris County,New Jersey
1785,Ocean County,New Jersey
1786,Passaic County,New Jersey
1787,Salem County,New Jersey
1788,Somerset County,New Jersey
1789,Sussex County,New Jersey
1790,Union County,New Jersey
1791,Warren County,New Jersey
1792,Bernalillo County,New Mexico
1793,Catron County,New Mexico
1794,Chaves County,New Mexico
1795,Cibola County,New Mexico
1796,Colfax County,New Mexico
1797,Curry County,New Mexico
1798,De Baca County,New Mexico
1799,Dona Ana County,New Mexico
1800,Eddy County,New Mexico
1801,Grant County,New Mexico
1802,Guadalupe County,New Mexico
1803,Harding County,New Mexico
1804,Hidalgo County,New Mexico
1805,Lea County,New Mexico
1806,Lincoln County,New Mexico
1807,Los Alamos County,New Mexico
1808,Luna County,New Mexico
1809,McKinley County,New Mexico
1810,Mora County,New Mexico
1811,Otero County,New Mexico
1812,Quay County,New Mexico
1813,Rio Arriba County,New Mexico
1814,Roosevelt County,New Mexico
1815,Sandoval County,New Mexico
1816,San Juan County,New Mexico
1817,San Miguel County,New Mexico
1818,Santa Fe County,New Mexico
1819,Sierra County,New Mexico
1820,Socorro County,New Mexico
1821,Taos County,New Mexico
1822,Torrance County,New Mexico
1823,Union County,New Mexico
1824,Valencia County,New Mexico
1825,Albany County,New York
1826,Allegany County,New York
1827,New York City County,New York
1828,Broome County,New York
1829,Cattaraugus County,New York
1830,Cayuga County,New York
1831,Chautauqua County,New York
1832,Chemung County,New York
1833,Chenango County,New York
1834,Clinton County,New York
1835,Columbia County,New York
1836,Cortland County,New York
1837,Delaware County,New York
1838,Dutchess County,New York
1839,Erie County,New York
1840,Essex County,New York
1841,Franklin County,New York
1842,Fulton County,New York
1843,Genesee County,New York
1844,Greene County,New York
1845,Hamilton County,New York
1846,Herkimer County,New York
1847,Jefferson County,New York
1848,New York City County,New York
1849,Lewis County,New York
1850,Livingston County,New York
1851,Madison County,New York
1852,Monroe County,New York
1853,Montgomery County,New York
1854,Nassau County,New York
1855,New York City County,New York
1856,Niagara County,New York
1857,Oneida County,New York
1858,Onondaga County,New York
1859,Ontario County,New York
1860,Orange County,New York
1861,Orleans County,New York
1862,Oswego County,New York
1863,Otsego County,New York
1864,Putnam County,New York
1865,New York City County,New York
1866,Rensselaer County,New York
1867,New York City County,New York
1868,Rockland County,New York
1869,St. Lawrence County,New York
1870,Saratoga County,New York
1871,Schenectady County,New York
1872,Schoharie County,New York
1873,Schuyler County,New York
1874,Seneca County,New York
1875,Steuben County,New York
1876,Suffolk County,New York
1877,Sullivan County,New York
1878,Tioga County,New York
1879,Tompkins County,New York
1880,Ulster County,New York
1881,Warren County,New York
1882,Washington County,New York
1883,Wayne County,New York
1884,Westchester County,New York
1885,Wyoming County,New York
1886,Yates County,New York
1887,Alamance County,North Carolina
1888,Alexander County,North Carolina
1889,Alleghany County,North Carolina
1890,Anson County,North Carolina
1891,Ashe County,North Carolina
1892,Avery County,North Carolina
1893,Beaufort County,North Carolina
1894,Bertie County,North Carolina
1895,Bladen County,North Carolina
1896,Brunswick County,North Carolina
1897,Buncombe County,North Carolina
1898,Burke County,North Carolina
1899,Cabarrus County,North Carolina
1900,Caldwell County,North Carolina
1901,Camden County,North Carolina
1902,Carteret County,North Carolina
1903,Caswell County,North Carolina
1904,Catawba County,North Carolina
1905,Chatham County,North Carolina
1906,Cherokee County,North Carolina
1907,Chowan County,North Carolina
1908,Clay County,North Carolina
1909,Cleveland County,North Carolina
1910,Columbus County,North Carolina
1911,Craven County,North Carolina
1912,Cumberland County,North Carolina
1913,Currituck County,North Carolina
1914,Dare County,North Carolina
1915,Davidson County,North Carolina
1916,Davie County,North Carolina
1917,Duplin County,North Carolina
1918,Durham County,North Carolina
1919,Edgecombe County,North Carolina
1920,Forsyth County,North Carolina
1921,Franklin County,North Carolina
1922,Gaston County,North Carolina
1923,Gates County,North Carolina
1924,Graham County,North Carolina
1925,Granville County,North Carolina
1926,Greene County,North Carolina
1927,Guilford County,North Carolina
1928,Halifax County,North Carolina
1929,Harnett County,North Carolina
1930,Haywood County,North Carolina
1931,Henderson County,North Carolina
1932,Hertford County,North Carolina
1933,Hoke County,North Carolina
1934,Hyde County,North Carolina
1935,Iredell County,North Carolina
1936,Jackson County,North Carolina
1937,Johnston County,North Carolina
1938,Jones County,North Carolina
1939,Lee County,North Carolina
1940,Lenoir County,North Carolina
1941,Lincoln County,North Carolina
1942,McDowell County,North Carolina
1943,Macon County,North Carolina
1944,Madison County,North Carolina
1945,Martin County,North Carolina
1946,Mecklenburg County,North Carolina
1947,Mitchell County,North Carolina
1948,Montgomery County,North Carolina
1949,Moore County,North Carolina
1950,Nash County,North Carolina
1951,New Hanover County,North Carolina
1952,Northampton County,North Carolina
1953,Onslow County,North Carolina
1954,Orange County,North Carolina
1955,Pamlico County,North Carolina
1956,Pasquotank County,North Carolina
1957,Pender County,North Carolina
1958,Perquimans County,North Carolina
1959,Person County,North Carolina
1960,Pitt County,North Carolina
1961,Polk County,North Carolina
1962,Randolph County,North Carolina
1963,Richmond County,North Carolina
1964,Robeson County,North Carolina
1965,Rockingham County,North Carolina
1966,Rowan County,North Carolina
1967,Rutherford County,North Carolina
1968,Sampson County,North Carolina
1969,Scotland County,North Carolina
1970,Stanly County,North Carolina
1971,Stokes County,North Carolina
1972,Surry County,North Carolina
1973,Swain County,North Carolina
1974,Transylvania County,North Carolina
1975,Tyrrell County,North Carolina
1976,Union County,North Carolina
1977,Vance County,North Carolina
1978,Wake County,North Carolina
1979,Warren County,North Carolina
1980,Washington County,North Carolina
1981,Watauga County,North Carolina
1982,Wayne County,North Carolina
1983,Wilkes County,North Carolina
1984,Wilson County,North Carolina
1985,Yadkin County,North Carolina
1986,Yancey County,North Carolina
1987,Adams County,North Dakota
1988,Barnes County,North Dakota
1989,Benson County,North Dakota
1990,Billings County,North Dakota
1991,Bottineau County,North Dakota
1992,Bowman County,North Dakota
1993,Burke County,North Dakota
1994,Burleigh County,North Dakota
1995,Cass County,North Dakota
1996,Cavalier County,North Dakota
1997,Dickey County,North Dakota
1998,Divide County,North Dakota
1999,Dunn County,North Dakota
2000,Eddy County,North Dakota
2001,Emmons County,North Dakota
2002,Foster County,North Dakota
2003,Golden Valley County,North Dakota
2004,Grand Forks County,North Dakota
2005,Grant County,North Dakota
2006,Griggs County,North Dakota
2007,Hettinger County,North Dakota
2008,Kidder County,North Dakota
2009,LaMoure County,North Dakota
2010,Logan County,North Dakota
2011,McHenry County,North Dakota
2012,McIntosh County,North Dakota
2013,McKenzie County,North Dakota
2014,McLean County,North Dakota
2015,Mercer County,North Dakota
2016,Morton County,North Dakota
2017,Mountrail County,North Dakota
2018,Nelson County,North Dakota
2019,Oliver County,North Dakota
2020,Pembina County,North Dakota
2021,Pierce County,North Dakota
2022,Ramsey County,North Dakota
2023,Ransom County,North Dakota
2024,Renville County,North Dakota
2025,Richland County,North Dakota
2026,Rolette County,North Dakota
2027,Sargent County,North Dakota
2028,Sheridan County,North Dakota
2029,Sioux County,North Dakota
2030,Slope County,North Dakota
2031,Stark County,North Dakota
2032,Steele County,North Dakota
2033,Stutsman County,North Dakota
2034,Towner County,North Dakota
2035,Traill County,North Dakota
2036,Walsh County,North Dakota
2037,Ward County,North Dakota
2038,Wells County,North Dakota
2039,Williams County,North Dakota
2040,Adams County,Ohio
2041,Allen County,Ohio
2042,Ashland County,Ohio
2043,Ashtabula County,Ohio
2044,Athens County,Ohio
2045,Auglaize County,Ohio
2046,Belmont County,Ohio
2047,Brown County,Ohio
2048,Butler County,Ohio
2049,Carroll County,Ohio
2050,Champaign County,Ohio
2051,Clark County,Ohio
2052,Clermont County,Ohio
2053,Clinton County,Ohio
2054,Columbiana County,Ohio
2055,Coshocton County,Ohio
2056,Crawford County,Ohio
2057,Cuyahoga County,Ohio
2058,Darke County,Ohio
2059,Defiance County,Ohio
2060,Delaware County,Ohio
2061,Erie County,Ohio
2062,Fairfield County,Ohio
2063,Fayette County,Ohio
2064,Franklin County,Ohio
2065,Fulton County,Ohio
2066,Gallia County,Ohio
2067,Geauga County,Ohio
2068,Greene County,Ohio
2069,Guernsey County,Ohio
2070,Hamilton County,Ohio
2071,Hancock County,Ohio
2072,Hardin County,Ohio
2073,Harrison County,Ohio
2074,Henry County,Ohio
2075,Highland County,Ohio
2076,Hocking County,Ohio
2077,Holmes County,Ohio
2078,Huron County,Ohio
2079,Jackson County,Ohio
2080,Jefferson County,Ohio
2081,Knox County,Ohio
2082,Lake County,Ohio
2083,Lawrence County,Ohio
2084,Licking County,Ohio
2085,Logan County,Ohio
2086,Lorain County,Ohio
2087,Lucas County,Ohio
2088,Madison County,Ohio
2089,Mahoning County,Ohio
2090,Marion County,Ohio
2091,Medina County,Ohio
2092,Meigs County,Ohio
2093,Mercer County,Ohio
2094,Miami County,Ohio
2095,Monroe County,Ohio
2096,Montgomery County,Ohio
2097,Morgan County,Ohio
2098,Morrow County,Ohio
2099,Muskingum County,Ohio
2100,Noble County,Ohio
2101,Ottawa County,Ohio
2102,Paulding County,Ohio
2103,Perry County,Ohio
2104,Pickaway County,Ohio
2105,Pike County,Ohio
2106,Portage County,Ohio
2107,Preble County,Ohio
2108,Putnam County,Ohio
2109,Richland County,Ohio
2110,Ross County,Ohio
2111,Sandusky County,Ohio
2112,Scioto County,Ohio
2113,Seneca County,Ohio
2114,Shelby County,Ohio
2115,Stark County,Ohio
2116,Summit County,Ohio
2117,Trumbull County,Ohio
2118,Tuscarawas County,Ohio
2119,Union County,Ohio
2120,Van Wert County,Ohio
2121,Vinton County,Ohio
2122,Warren County,Ohio
2123,Washington County,Ohio
2124,Wayne County,Ohio
2125,Williams County,Ohio
2126,Wood County,Ohio
2127,Wyandot County,Ohio
2128,Adair County,Oklahoma
2129,Alfalfa County,Oklahoma
2130,Atoka County,Oklahoma
2131,Beaver County,Oklahoma
2132,Beckham County,Oklahoma
2133,Blaine County,Oklahoma
2134,Bryan County,Oklahoma
2135,Caddo County,Oklahoma
2136,Canadian County,Oklahoma
2137,Carter County,Oklahoma
2138,Cherokee County,Oklahoma
2139,Choctaw County,Oklahoma
2140,Cimarron County,Oklahoma
2141,Cleveland County,Oklahoma
2142,Coal County,Oklahoma
2143,Comanche County,Oklahoma
2144,Cotton County,Oklahoma
2145,Craig County,Oklahoma
2146,Creek County,Oklahoma
2147,Custer County,Oklahoma
2148,Delaware County,Oklahoma
2149,Dewey County,Oklahoma
2150,Ellis County,Oklahoma
2151,Garfield County,Oklahoma
2152,Garvin County,Oklahoma
2153,Grady County,Oklahoma
2154,Grant County,Oklahoma
2155,Greer County,Oklahoma
2156,Harmon County,Oklahoma
2157,Harper County,Oklahoma
2158,Haskell County,Oklahoma
2159,Hughes County,Oklahoma
2160,Jackson County,Oklahoma
2161,Jefferson County,Oklahoma
2162,Johnston County,Oklahoma
2163,Kay County,Oklahoma
2164,Kingfisher County,Oklahoma
2165,Kiowa County,Oklahoma
2166,Latimer County,Oklahoma
2167,Le Flore County,Oklahoma
2168,Lincoln County,Oklahoma
2169,Logan County,Oklahoma
2170,Love County,Oklahoma
2171,McClain County,Oklahoma
2172,McCurtain County,Oklahoma
2173,McIntosh County,Oklahoma
2174,Major County,Oklahoma
2175,Marshall County,Oklahoma
2176,Mayes County,Oklahoma
2177,Murray County,Oklahoma
2178,Muskogee County,Oklahoma
2179,Noble County,Oklahoma
2180,Nowata County,Oklahoma
2181,Okfuskee County,Oklahoma
2182,Oklahoma County,Oklahoma
2183,Okmulgee County,Oklahoma
2184,Osage County,Oklahoma
2185,Ottawa County,Oklahoma
2186,Pawnee County,Oklahoma
2187,Payne County,Oklahoma
2188,Pittsburg County,Oklahoma
2189,Pontotoc County,Oklahoma
2190,Pottawatomie County,Oklahoma
2191,Pushmataha County,Oklahoma
2192,Roger Mills County,Oklahoma
2193,Rogers County,Oklahoma
2194,Seminole County,Oklahoma
2195,Sequoyah County,Oklahoma
2196,Stephens County,Oklahoma
2197,Texas County,Oklahoma
2198,Tillman County,Oklahoma
2199,Tulsa County,Oklahoma
2200,Wagoner County,Oklahoma
2201,Washington County,Oklahoma
2202,Washita County,Oklahoma
2203,Woods County,Oklahoma
2204,Woodward County,Oklahoma
2205,Baker County,Oregon
2206,Benton County,Oregon
2207,Clackamas County,Oregon
2208,Clatsop County,Oregon
2209,Columbia County,Oregon
2210,Coos County,Oregon
2211,Crook County,Oregon
2212,Curry County,Oregon
2213,Deschutes County,Oregon
2214,Douglas County,Oregon
2215,Gilliam County,Oregon
2216,Grant County,Oregon
2217,Harney County,Oregon
2218,Hood River County,Oregon
2219,Jackson County,Oregon
2220,Jefferson County,Oregon
2221,Josephine County,Oregon
2222,Klamath County,Oregon
2223,Lake County,Oregon
2224,Lane County,Oregon
2225,Lincoln County,Oregon
2226,Linn County,Oregon
2227,Malheur County,Oregon
2228,Marion County,Oregon
2229,Morrow County,Oregon
2230,Multnomah County,Oregon
2231,Polk County,Oregon
2232,Sherman County,Oregon
2233,Tillamook County,Oregon
2234,Umatilla County,Oregon
2235,Union County,Oregon
2236,Wallowa County,Oregon
2237,Wasco County,Oregon
2238,Washington County,Oregon
2239,Wheeler County,Oregon
2240,Yamhill County,Oregon
2241,Adams County,Pennsylvania
2242,Allegheny County,Pennsylvania
2243,Armstrong County,Pennsylvania
2244,Beaver County,Pennsylvania
2245,Bedford County,Pennsylvania
2246,Berks County,Pennsylvania
2247,Blair County,Pennsylvania
2248,Bradford County,Pennsylvania
2249,Bucks County,Pennsylvania
2250,Butler County,Pennsylvania
2251,Cambria County,Pennsylvania
2252,Cameron County,Pennsylvania
2253,Carbon County,Pennsylvania
2254,Centre County,Pennsylvania
2255,Chester County,Pennsylvania
2256,Clarion County,Pennsylvania
2257,Clearfield County,Pennsylvania
2258,Clinton County,Pennsylvania
2259,Columbia County,Pennsylvania
2260,Crawford County,Pennsylvania
2261,Cumberland County,Pennsylvania
2262,Dauphin County,Pennsylvania
2263,Delaware County,Pennsylvania
2264,Elk County,Pennsylvania
2265,Erie County,Pennsylvania
2266,Fayette County,Pennsylvania
2267,Forest County,Pennsylvania
2268,Franklin County,Pennsylvania
2269,Fulton County,Pennsylvania
2270,Greene County,Pennsylvania
2271,Huntingdon County,Pennsylvania
2272,Indiana County,Pennsylvania
2273,Jefferson County,Pennsylvania
2274,Juniata County,Pennsylvania
2275,Lackawanna County,Pennsylvania
2276,Lancaster County,Pennsylvania
2277,Lawrence County,Pennsylvania
2278,Lebanon County,Pennsylvania
2279,Lehigh County,Pennsylvania
2280,Luzerne County,Pennsylvania
2281,Lycoming County,Pennsylvania
2282,McKean County,Pennsylvania
2283,Mercer County,Pennsylvania
2284,Mifflin County,Pennsylvania
2285,Monroe County,Pennsylvania
2286,Montgomery County,Pennsylvania
2287,Montour County,Pennsylvania
2288,Northampton County,Pennsylvania
2289,Northumberland County,Pennsylvania
2290,Perry County,Pennsylvania
2291,Philadelphia County,Pennsylvania
2292,Pike County,Pennsylvania
2293,Potter County,Pennsylvania
2294,Schuylkill County,Pennsylvania
2295,Snyder County,Pennsylvania
2296,Somerset County,Pennsylvania
2297,Sullivan County,Pennsylvania
2298,Susquehanna County,Pennsylvania
2299,Tioga County,Pennsylvania
2300,Union County,Pennsylvania
2301,Venango County,Pennsylvania
2302,Warren County,Pennsylvania
2303,Washington County,Pennsylvania
2304,Wayne County,Pennsylvania
2305,Westmoreland County,Pennsylvania
2306,Wyoming County,Pennsylvania
2307,York County,Pennsylvania
2308,Bristol County,Rhode Island
2309,Kent County,Rhode Island
2310,Newport County,Rhode Island
2311,Providence County,Rhode Island
2312,Washington County,Rhode Island
2313,Abbeville County,South Carolina
2314,Aiken County,South Carolina
2315,Allendale County,South Carolina
2316,Anderson County,South Carolina
2317,Bamberg County,South Carolina
2318,Barnwell County,South Carolina
2319,Beaufort County,South Carolina
2320,Berkeley County,South Carolina
2321,Calhoun County,South Carolina
2322,Charleston County,South Carolina
2323,Cherokee County,South Carolina
2324,Chester County,South Carolina
2325,Chesterfield County,South Carolina
2326,Clarendon County,South Carolina
2327,Colleton County,South Carolina
2328,Darlington County,South Carolina
2329,Dillon County,South Carolina
2330,Dorchester County,South Carolina
2331,Edgefield County,South Carolina
2332,Fairfield County,South Carolina
2333,Florence County,South Carolina
2334,Georgetown County,South Carolina
2335,Greenville County,South Carolina
2336,Greenwood County,South Carolina
2337,Hampton County,South Carolina
2338,Horry County,South Carolina
2339,Jasper County,South Carolina
2340,Kershaw County,South Carolina
2341,Lancaster County,South Carolina
2342,Laurens County,South Carolina
2343,Lee County,South Carolina
2344,Lexington County,South Carolina
2345,McCormick County,South Carolina
2346,Marion County,South Carolina
2347,Marlboro County,South Carolina
2348,Newberry County,South Carolina
2349,Oconee County,South Carolina
2350,Orangeburg County,South Carolina
2351,Pickens County,South Carolina
2352,Richland County,South Carolina
2353,Saluda County,South Carolina
2354,Spartanburg County,South Carolina
2355,Sumter County,South Carolina
2356,Union County,South Carolina
2357,Williamsburg County,South Carolina
2358,York County,South Carolina
2360,Aurora County,South Dakota
2361,Beadle County,South Dakota
2362,Bennett County,South Dakota
2363,Bon Homme County,South Dakota
2364,Brookings County,South Dakota
2365,Brown County,South Dakota
2366,Brule County,South Dakota
2367,Buffalo County,South Dakota
2368,Butte County,South Dakota
2369,Campbell County,South Dakota
2370,Charles Mix County,South Dakota
2371,Clark County,South Dakota
2372,Clay County,South Dakota
2373,Codington County,South Dakota
2374,Corson County,South Dakota
2375,Custer County,South Dakota
2376,Davison County,South Dakota
2377,Day County,South Dakota
2378,Deuel County,South Dakota
2379,Dewey County,South Dakota
2380,Douglas County,South Dakota
2381,Edmunds County,South Dakota
2382,Fall River County,South Dakota
2383,Faulk County,South Dakota
2384,Grant County,South Dakota
2385,Gregory County,South Dakota
2386,Haakon County,South Dakota
2387,Hamlin County,South Dakota
2388,Hand County,South Dakota
2389,Hanson County,South Dakota
2390,Harding County,South Dakota
2391,Hughes County,South Dakota
2392,Hutchinson County,South Dakota
2393,Hyde County,South Dakota
2394,Jackson County,South Dakota
2395,Jerauld County,South Dakota
2396,Jones County,South Dakota
2397,Kingsbury County,South Dakota
2398,Lake County,South Dakota
2399,Lawrence County,South Dakota
2400,Lincoln County,South Dakota
2401,Lyman County,South Dakota
2402,McCook County,South Dakota
2403,McPherson County,South Dakota
2404,Marshall County,South Dakota
2405,Meade County,South Dakota
2406,Mellette County,South Dakota
2407,Miner County,South Dakota
2408,Minnehaha County,South Dakota
2409,Moody County,South Dakota
2410,Pennington County,South Dakota
2411,Perkins County,South Dakota
2412,Potter County,South Dakota
2413,Roberts County,South Dakota
2414,Sanborn County,South Dakota
2415,Oglala Lakota County,South Dakota
2416,Spink County,South Dakota
2417,Stanley County,South Dakota
2418,Sully County,South Dakota
2419,Todd County,South Dakota
2420,Tripp County,South Dakota
2421,Turner County,South Dakota
2422,Union County,South Dakota
2423,Walworth County,South Dakota
2426,Yankton County,South Dakota
2427,Ziebach County,South Dakota
2428,Anderson County,Tennessee
2429,Bedford County,Tennessee
2430,Benton County,Tennessee
2431,Bledsoe County,Tennessee
2432,Blount County,Tennessee
2433,Bradley County,Tennessee
2434,Campbell County,Tennessee
2435,Cannon County,Tennessee
2436,Carroll County,Tennessee
2437,Carter County,Tennessee
2438,Cheatham County,Tennessee
2439,Chester County,Tennessee
2440,Claiborne County,Tennessee
2441,Clay County,Tennessee
2442,Cocke County,Tennessee
2443,Coffee County,Tennessee
2444,Crockett County,Tennessee
2445,Cumberland County,Tennessee
2446,Davidson County,Tennessee
2447,Decatur County,Tennessee
2448,DeKalb County,Tennessee
2449,Dickson County,Tennessee
2450,Dyer County,Tennessee
2451,Fayette County,Tennessee
2452,Fentress County,Tennessee
2453,Franklin County,Tennessee
2454,Gibson County,Tennessee
2455,Giles County,Tennessee
2456,Grainger County,Tennessee
2457,Greene County,Tennessee
2458,Grundy County,Tennessee
2459,Hamblen County,Tennessee
2460,Hamilton County,Tennessee
2461,Hancock County,Tennessee
2462,Hardeman County,Tennessee
2463,Hardin County,Tennessee
2464,Hawkins County,Tennessee
2465,Haywood County,Tennessee
2466,Henderson County,Tennessee
2467,Henry County,Tennessee
2468,Hickman County,Tennessee
2469,Houston County,Tennessee
2470,Humphreys County,Tennessee
2471,Jackson County,Tennessee
2472,Jefferson County,Tennessee
2473,Johnson County,Tennessee
2474,Knox County,Tennessee
2475,Lake County,Tennessee
2476,Lauderdale County,Tennessee
2477,Lawrence County,Tennessee
2478,Lewis County,Tennessee
2479,Lincoln County,Tennessee
2480,Loudon County,Tennessee
2481,McMinn County,Tennessee
2482,McNairy County,Tennessee
2483,Macon County,Tennessee
2484,Madison County,Tennessee
2485,Marion County,Tennessee
2486,Marshall County,Tennessee
2487,Maury County,Tennessee
2488,Meigs County,Tennessee
2489,Monroe County,Tennessee
2490,Montgomery County,Tennessee
2491,Moore County,Tennessee
2492,Morgan County,Tennessee
2493,Obion County,Tennessee
2494,Overton County,Tennessee
2495,Perry County,Tennessee
2496,Pickett County,Tennessee
2497,Polk County,Tennessee
2498,Putnam County,Tennessee
2499,Rhea County,Tennessee
2500,Roane County,Tennessee
2501,Robertson County,Tennessee
2502,Rutherford County,Tennessee
2503,Scott County,Tennessee
2504,Sequatchie County,Tennessee
2505,Sevier County,Tennessee
2506,Shelby County,Tennessee
2507,Smith County,Tennessee
2508,Stewart County,Tennessee
2509,Sullivan County,Tennessee
2510,Sumner County,Tennessee
2511,Tipton County,Tennessee
2512,Trousdale County,Tennessee
2513,Unicoi County,Tennessee
2514,Union County,Tennessee
2515,Van Buren County,Tennessee
2516,Warren County,Tennessee
2517,Washington County,Tennessee
2518,Wayne County,Tennessee
2519,Weakley County,Tennessee
2520,White County,Tennessee
2521,Williamson County,Tennessee
2522,Wilson County,Tennessee
2523,Anderson County,Texas
2524,Andrews County,Texas
2525,Angelina County,Texas
2526,Aransas County,Texas
2527,Archer County,Texas
2528,Armstrong County,Texas
2529,Atascosa County,Texas
2530,Austin County,Texas
2531,Bailey County,Texas
2532,Bandera County,Texas
2533,Bastrop County,Texas
2534,Baylor County,Texas
2535,Bee County,Texas
2536,Bell County,Texas
2537,Bexar County,Texas
2538,Blanco County,Texas
2539,Borden County,Texas
2540,Bosque County,Texas
2541,Bowie County,Texas
2542,Brazoria County,Texas
2543,Brazos County,Texas
2544,Brewster County,Texas
2545,Briscoe County,Texas
2546,Brooks County,Texas
2547,Brown County,Texas
2548,Burleson County,Texas
2549,Burnet County,Texas
2550,Caldwell County,Texas
2551,Calhoun County,Texas
2552,Callahan County,Texas
2553,Cameron County,Texas
2554,Camp County,Texas
2555,Carson County,Texas
2556,Cass County,Texas
2557,Castro County,Texas
2558,Chambers County,Texas
2559,Cherokee County,Texas
2560,Childress County,Texas
2561,Clay County,Texas
2562,Cochran County,Texas
2563,Coke County,Texas
2564,Coleman County,Texas
2565,Collin County,Texas
2566,Collingsworth County,Texas
2567,Colorado County,Texas
2568,Comal County,Texas
2569,Comanche County,Texas
2570,Concho County,Texas
2571,Cooke County,Texas
2572,Coryell County,Texas
2573,Cottle County,Texas
2574,Crane County,Texas
2575,Crockett County,Texas
2576,Crosby County,Texas
2577,Culberson County,Texas
2578,Dallam County,Texas
2579,Dallas County,Texas
2580,Dawson County,Texas
2581,Deaf Smith County,Texas
2582,Delta County,Texas
2583,Denton County,Texas
2584,DeWitt County,Texas
2585,Dickens County,Texas
2586,Dimmit County,Texas
2587,Donley County,Texas
2588,Duval County,Texas
2589,Eastland County,Texas
2590,Ector County,Texas
2591,Edwards County,Texas
2592,Ellis County,Texas
2593,El Paso County,Texas
2594,Erath County,Texas
2595,Falls County,Texas
2596,Fannin County,Texas
2597,Fayette County,Texas
2598,Fisher County,Texas
2599,Floyd County,Texas
2600,Foard County,Texas
2601,Fort Bend County,Texas
2602,Franklin County,Texas
2603,Freestone County,Texas
2604,Frio County,Texas
2605,Gaines County,Texas
2606,Galveston County,Texas
2607,Garza County,Texas
2608,Gillespie County,Texas
2609,Glasscock County,Texas
2610,Goliad County,Texas
2611,Gonzales County,Texas
2612,Gray County,Texas
2613,Grayson County,Texas
2614,Gregg County,Texas
2615,Grimes County,Texas
2616,Guadalupe County,Texas
2617,Hale County,Texas
2618,Hall County,Texas
2619,Hamilton County,Texas
2620,Hansford County,Texas
2621,Hardeman County,Texas
2622,Hardin County,Texas
2623,Harris County,Texas
2624,Harrison County,Texas
2625,Hartley County,Texas
2626,Haskell County,Texas
2627,Hays County,Texas
2628,Hemphill County,Texas
2629,Henderson County,Texas
2630,Hidalgo County,Texas
2631,Hill County,Texas
2632,Hockley County,Texas
2633,Hood County,Texas
2634,Hopkins County,Texas
2635,Houston County,Texas
2636,Howard County,Texas
2637,Hudspeth County,Texas
2638,Hunt County,Texas
2639,Hutchinson County,Texas
2640,Irion County,Texas
2641,Jack County,Texas
2642,Jackson County,Texas
2643,Jasper County,Texas
2644,Jeff Davis County,Texas
2645,Jefferson County,Texas
2646,Jim Hogg County,Texas
2647,Jim Wells County,Texas
2648,Johnson County,Texas
2649,Jones County,Texas
2650,Karnes County,Texas
2651,Kaufman County,Texas
2652,Kendall County,Texas
2653,Kenedy County,Texas
2654,Kent County,Texas
2655,Kerr County,Texas
2656,Kimble County,Texas
2657,King County,Texas
2658,Kinney County,Texas
2659,Kleberg County,Texas
2660,Knox County,Texas
2661,Lamar County,Texas
2662,Lamb County,Texas
2663,Lampasas County,Texas
2664,La Salle County,Texas
2665,Lavaca County,Texas
2666,Lee County,Texas
2667,Leon County,Texas
2668,Liberty County,Texas
2669,Limestone County,Texas
2670,Lipscomb County,Texas
2671,Live Oak County,Texas
2672,Llano County,Texas
2673,Loving County,Texas
2674,Lubbock County,Texas
2675,Lynn County,Texas
2676,McCulloch County,Texas
2677,McLennan County,Texas
2678,McMullen County,Texas
2679,Madison County,Texas
2680,Marion County,Texas
2681,Martin County,Texas
2682,Mason County,Texas
2683,Matagorda County,Texas
2684,Maverick County,Texas
2685,Medina County,Texas
2686,Menard County,Texas
2687,Midland County,Texas
2688,Milam County,Texas
2689,Mills County,Texas
2690,Mitchell County,Texas
2691,Montague County,Texas
2692,Montgomery County,Texas
2693,Moore County,Texas
2694,Morris County,Texas
2695,Motley County,Texas
2696,Nacogdoches County,Texas
2697,Navarro County,Texas
2698,Newton County,Texas
2699,Nolan County,Texas
2700,Nueces County,Texas
2701,Ochiltree County,Texas
2702,Oldham County,Texas
2703,Orange County,Texas
2704,Palo Pinto County,Texas
2705,Panola County,Texas
2706,Parker County,Texas
2707,Parmer County,Texas
2708,Pecos County,Texas
2709,Polk County,Texas
2710,Potter County,Texas
2711,Presidio County,Texas
2712,Rains County,Texas
2713,Randall County,Texas
2714,Reagan County,Texas
2715,Real County,Texas
2716,Red River County,Texas
2717,Reeves County,Texas
2718,Refugio County,Texas
2719,Roberts County,Texas
2720,Robertson County,Texas
2721,Rockwall County,Texas
2722,Runnels County,Texas
2723,Rusk County,Texas
2724,Sabine County,Texas
2725,San Augustine County,Texas
2726,San Jacinto County,Texas
2727,San Patricio County,Texas
2728,San Saba County,Texas
2729,Schleicher County,Texas
2730,Scurry County,Texas
2731,Shackelford County,Texas
2732,Shelby County,Texas
2733,Sherman County,Texas
2734,Smith County,Texas
2735,Somervell County,Texas
2736,Starr County,Texas
2737,Stephens County,Texas
2738,Sterling County,Texas
2739,Stonewall County,Texas
2740,Sutton County,Texas
2741,Swisher County,Texas
2742,Tarrant County,Texas
2743,Taylor County,Texas
2744,Terrell County,Texas
2745,Terry County,Texas
2746,Throckmorton County,Texas
2747,Titus County,Texas
2748,Tom Green County,Texas
2749,Travis County,Texas
2750,Trinity County,Texas
2751,Tyler County,Texas
2752,Upshur County,Texas
2753,Upton County,Texas
2754,Uvalde County,Texas
2755,Val Verde County,Texas
2756,Van Zandt County,Texas
2757,Victoria County,Texas
2758,Walker County,Texas
2759,Waller County,Texas
2760,Ward County,Texas
2761,Washington County,Texas
2762,Webb County,Texas
2763,Wharton County,Texas
2764,Wheeler County,Texas
2765,Wichita County,Texas
2766,Wilbarger County,Texas
2767,Willacy County,Texas
2768,Williamson County,Texas
2769,Wilson County,Texas
2770,Winkler County,Texas
2771,Wise County,Texas
2772,Wood County,Texas
2773,Yoakum County,Texas
2774,Young County,Texas
2775,Zapata County,Texas
2776,Zavala County,Texas
2777,Beaver County,Utah
2778,Box Elder County,Utah
2779,Cache County,Utah
2780,Carbon County,Utah
2781,Daggett County,Utah
2782,Davis County,Utah
2783,Duchesne County,Utah
2784,Emery County,Utah
2785,Garfield County,Utah
2786,Grand County,Utah
2787,Iron County,Utah
2788,Juab County,Utah
2789,Kane County,Utah
2790,Millard County,Utah
2791,Morgan County,Utah
2792,Piute County,Utah
2793,Rich County,Utah
2794,Salt Lake County,Utah
2795,San Juan County,Utah
2796,Sanpete County,Utah
2797,Sevier County,Utah
2798,Summit County,Utah
2799,Tooele County,Utah
2800,Uintah County,Utah
2801,Utah County,Utah
2802,Wasatch County,Utah
2803,Washington County,Utah
2804,Wayne County,Utah
2805,Weber County,Utah
2806,Addison County,Vermont
2807,Bennington County,Vermont
2808,Caledonia County,Vermont
2809,Chittenden County,Vermont
2810,Essex County,Vermont
2811,Franklin County,Vermont
2812,Grand Isle County,Vermont
2813,Lamoille County,Vermont
2814,Orange County,Vermont
2815,Orleans County,Vermont
2816,Rutland County,Vermont
2817,Washington County,Vermont
2818,Windham County,Vermont
2819,Windsor County,Vermont
2820,Accomack County,Virginia
2821,Albemarle County,Virginia
2822,Alleghany County,Virginia
2823,Amelia County,Virginia
2824,Amherst County,Virginia
2825,Appomattox County,Virginia
2826,Arlington County,Virginia
2827,Augusta County,Virginia
2828,Bath County,Virginia
2829,Bedford County,Virginia
2830,Bland County,Virginia
2831,Botetourt County,Virginia
2832,Brunswick County,Virginia
2833,Buchanan County,Virginia
2834,Buckingham County,Virginia
2835,Campbell County,Virginia
2836,Caroline County,Virginia
2837,Carroll County,Virginia
2838,Charles City County,Virginia
2839,Charlotte County,Virginia
2840,Chesterfield County,Virginia
2841,Clarke County,Virginia
2842,Craig County,Virginia
2843,Culpeper County,Virginia
2844,Cumberland County,Virginia
2845,Dickenson County,Virginia
2846,Dinwiddie County,Virginia
2847,Essex County,Virginia
2848,Fairfax County,Virginia
2849,Fauquier County,Virginia
2850,Floyd County,Virginia
2851,Fluvanna County,Virginia
2852,Franklin County,Virginia
2853,Frederick County,Virginia
2854,Giles County,Virginia
2855,Gloucester County,Virginia
2856,Goochland County,Virginia
2857,Grayson County,Virginia
2858,Greene County,Virginia
2859,Greensville County,Virginia
2860,Halifax County,Virginia
2861,Hanover County,Virginia
2862,Henrico County,Virginia
2863,Henry County,Virginia
2864,Highland County,Virginia
2865,Isle Of Wight County,Virginia
2866,James City County,Virginia
2867,King And Queen County,Virginia
2868,King George County,Virginia
2869,King William County,Virginia
2870,Lancaster County,Virginia
2871,Lee County,Virginia
2872,Loudoun County,Virginia
2873,Louisa County,Virginia
2874,Lunenburg County,Virginia
2875,Madison County,Virginia
2876,Mathews County,Virginia
2877,Mecklenburg County,Virginia
2878,Middlesex County,Virginia
2879,Montgomery County,Virginia
2881,Nelson County,Virginia
2882,New Kent County,Virginia
2883,Northampton County,Virginia
2884,Northumberland County,Virginia
2885,Nottoway County,Virginia
2886,Orange County,Virginia
2887,Page County,Virginia
2888,Patrick County,Virginia
2889,Pittsylvania County,Virginia
2890,Powhatan County,Virginia
2891,Prince Edward County,Virginia
2892,Prince George County,Virginia
2893,Prince William County,Virginia
2894,Pulaski County,Virginia
2895,Rappahannock County,Virginia
2896,Richmond County,Virginia
2897,Roanoke County,Virginia
2898,Rockbridge County,Virginia
2899,Rockingham County,Virginia
2900,Russell County,Virginia
2901,Scott County,Virginia
2902,Shenandoah County,Virginia
2903,Smyth County,Virginia
2904,Southampton County,Virginia
2905,Spotsylvania County,Virginia
2906,Stafford County,Virginia
2907,Surry County,Virginia
2908,Sussex County,Virginia
2909,Tazewell County,Virginia
2910,Warren County,Virginia
2911,Washington County,Virginia
2912,Westmoreland County,Virginia
2913,Wise County,Virginia
2914,Wythe County,Virginia
2915,York County,Virginia
2916,Alexandria City,Virginia
2918,Bristol City,Virginia
2919,Buena Vista City,Virginia
2920,Charlottesville City,Virginia
2921,Chesapeake City,Virginia
2923,Colonial Heights City,Virginia
2924,Covington City,Virginia
2925,Danville City,Virginia
2926,Emporia City,Virginia
2927,Fairfax City,Virginia
2928,Falls Church City,Virginia
2929,Franklin City,Virginia
2930,Fredericksburg City,Virginia
2931,Galax City,Virginia
2932,Hampton City,Virginia
2933,Harrisonburg City,Virginia
2934,Hopewell City,Virginia
2935,Lexington City,Virginia
2936,Lynchburg City,Virginia
2937,Manassas City,Virginia
2938,Manassas Park City,Virginia
2939,Martinsville City,Virginia
2941,Newport News City,Virginia
2942,Norfolk City,Virginia
2943,Norton City,Virginia
2944,Petersburg City,Virginia
2945,Poquoson City,Virginia
2946,Portsmouth City,Virginia
2947,Radford City,Virginia
2948,Richmond City,Virginia
2949,Roanoke City,Virginia
2950,Salem City,Virginia
2952,Staunton City,Virginia
2953,Suffolk City,Virginia
2954,Virginia Beach City,Virginia
2955,Waynesboro City,Virginia
2956,Williamsburg City,Virginia
2957,Winchester City,Virginia
2958,Adams County,Washington
2959,Asotin County,Washington
2960,Benton County,Washington
2961,Chelan County,Washington
2962,Clallam County,Washington
2963,Clark County,Washington
2964,Columbia County,Washington
2965,Cowlitz County,Washington
2966,Douglas County,Washington
2967,Ferry County,Washington
2968,Franklin County,Washington
2969,Garfield County,Washington
2970,Grant County,Washington
2971,Grays Harbor County,Washington
2972,Island County,Washington
2973,Jefferson County,Washington
2974,King County,Washington
2975,Kitsap County,Washington
2976,Kittitas County,Washington
2977,Klickitat County,Washington
2978,Lewis County,Washington
2979,Lincoln County,Washington
2980,Mason County,Washington
2981,Okanogan County,Washington
2982,Pacific County,Washington
2983,Pend Oreille County,Washington
2984,Pierce County,Washington
2985,San Juan County,Washington
2986,Skagit County,Washington
2987,Skamania County,Washington
2988,Snohomish County,Washington
2989,Spokane County,Washington
2990,Stevens County,Washington
2991,Thurston County,Washington
2992,Wahkiakum County,Washington
2993,Walla Walla County,Washington
2994,Whatcom County,Washington
2995,Whitman County,Washington
2996,Yakima County,Washington
2997,Barbour County,West Virginia
2998,Berkeley County,West Virginia
2999,Boone County,West Virginia
3000,Braxton County,West Virginia
3001,Brooke County,West Virginia
3002,Cabell County,West Virginia
3003,Calhoun County,West Virginia
3004,Clay County,West Virginia
3005,Doddridge County,West Virginia
3006,Fayette County,West Virginia
3007,Gilmer County,West Virginia
3008,Grant County,West Virginia
3009,Greenbrier County,West Virginia
3010,Hampshire County,West Virginia
3011,Hancock County,West Virginia
3012,Hardy County,West Virginia
3013,Harrison County,West Virginia
3014,Jackson County,West Virginia
3015,Jefferson County,West Virginia
3016,Kanawha County,West Virginia
3017,Lewis County,West Virginia
3018,Lincoln County,West Virginia
3019,Logan County,West Virginia
3020,McDowell County,West Virginia
3021,Marion County,West Virginia
3022,Marshall County,West Virginia
3023,Mason County,West Virginia
3024,Mercer County,West Virginia
3025,Mineral County,West Virginia
3026,Mingo County,West Virginia
3027,Monongalia County,West Virginia
3028,Monroe County,West Virginia
3029,Morgan County,West Virginia
3030,Nicholas County,West Virginia
3031,Ohio County,West Virginia
3032,Pendleton County,West Virginia
3033,Pleasants County,West Virginia
3034,Pocahontas County,West Virginia
3035,Preston County,West Virginia
3036,Putnam County,West Virginia
3037,Raleigh County,West Virginia
3038,Randolph County,West Virginia
3039,Ritchie County,West Virginia
3040,Roane County,West Virginia
3041,Summers County,West Virginia
3042,Taylor County,West Virginia
3043,Tucker County,West Virginia
3044,Tyler County,West Virginia
3045,Upshur County,West Virginia
3046,Wayne County,West Virginia
3047,Webster County,West Virginia
3048,Wetzel County,West Virginia
3049,Wirt County,West Virginia
3050,Wood County,West Virginia
3051,Wyoming County,West Virginia
3052,Adams County,Wisconsin
3053,Ashland County,Wisconsin
3054,Barron County,Wisconsin
3055,Bayfield County,Wisconsin
3056,Brown County,Wisconsin
3057,Buffalo County,Wisconsin
3058,Burnett County,Wisconsin
3059,Calumet County,Wisconsin
3060,Chippewa County,Wisconsin
3061,Clark County,Wisconsin
3062,Columbia County,Wisconsin
3063,Crawford County,Wisconsin
3064,Dane County,Wisconsin
3065,Dodge County,Wisconsin
3066,Door County,Wisconsin
3067,Douglas County,Wisconsin
3068,Dunn County,Wisconsin
3069,Eau Claire County,Wisconsin
3070,Florence County,Wisconsin
3071,Fond Du Lac County,Wisconsin
3072,Forest County,Wisconsin
3073,Grant County,Wisconsin
3074,Green County,Wisconsin
3075,Green Lake County,Wisconsin
3076,Iowa County,Wisconsin
3077,Iron County,Wisconsin
3078,Jackson County,Wisconsin
3079,Jefferson County,Wisconsin
3080,Juneau County,Wisconsin
3081,Kenosha County,Wisconsin
3082,Kewaunee County,Wisconsin
3083,La Crosse County,Wisconsin
3084,Lafayette County,Wisconsin
3085,Langlade County,Wisconsin
3086,Lincoln County,Wisconsin
3087,Manitowoc County,Wisconsin
3088,Marathon County,Wisconsin
3089,Marinette County,Wisconsin
3090,Marquette County,Wisconsin
3091,Menominee County,Wisconsin
3092,Milwaukee County,Wisconsin
3093,Monroe County,Wisconsin
3094,Oconto County,Wisconsin
3095,Oneida County,Wisconsin
3096,Outagamie County,Wisconsin
3097,Ozaukee County,Wisconsin
3098,Pepin County,Wisconsin
3099,Pierce County,Wisconsin
3100,Polk County,Wisconsin
3101,Portage County,Wisconsin
3102,Price County,Wisconsin
3103,Racine County,Wisconsin
3104,Richland County,Wisconsin
3105,Rock County,Wisconsin
3106,Rusk County,Wisconsin
3107,St. Croix County,Wisconsin
3108,Sauk County,Wisconsin
3109,Sawyer County,Wisconsin
3110,Shawano County,Wisconsin
3111,Sheboygan County,Wisconsin
3112,Taylor County,Wisconsin
3113,Trempealeau County,Wisconsin
3114,Vernon County,Wisconsin
3115,Vilas County,Wisconsin
3116,Walworth County,Wisconsin
3117,Washburn County,Wisconsin
3118,Washington County,Wisconsin
3119,Waukesha County,Wisconsin
3120,Waupaca County,Wisconsin
3121,Waushara County,Wisconsin
3122,Winnebago County,Wisconsin
3123,Wood County,Wisconsin
3124,Albany County,Wyoming
3125,Big Horn County,Wyoming
3126,Campbell County,Wyoming
3127,Carbon County,Wyoming
3128,Converse County,Wyoming
3129,Crook County,Wyoming
3130,Fremont County,Wyoming
3131,Goshen County,Wyoming
3132,Hot Springs County,Wyoming
3133,Johnson County,Wyoming
3134,Laramie County,Wyoming
3135,Lincoln County,Wyoming
3136,Natrona County,Wyoming
3137,Niobrara County,Wyoming
3138,Park County,Wyoming
3139,Platte County,Wyoming
3140,Sheridan County,Wyoming
3141,Sublette County,Wyoming
3142,Sweetwater County,Wyoming
3143,Teton County,Wyoming
3144,Uinta County,Wyoming
3145,Washakie County,Wyoming
3146,Weston County,Wyoming
